keyword,primary_keyword,target_path,priority,search_intent,evidence,source,capture_date,language,requested_market,monthly_volume,cpc,competition,metric_status
Kickstarter page design,Kickstarter page design,/,P0,commercial,observed autocomplete,https://suggestqueries.google.com/complete/search?client=firefox&hl=en&q=crowdfunding%20page%20design,2026-09-30,English,not controlled,,,,not available
tabletop Kickstarter page design,Kickstarter page design,/,P0,commercial,inferred target; not measured demand,Editorial inference from service scope and platform vocabulary,2026-09-30,English,not controlled,,,,not available
crowdfunding campaign page design,Kickstarter page design,/,P0,commercial,inferred target; not measured demand,Editorial inference from service scope and platform vocabulary,2026-09-30,English,not controlled,,,,not available
Kickstarter page mockup,Kickstarter page design,/,P0,commercial,observed autocomplete,https://suggestqueries.google.com/complete/search?client=firefox&hl=en&q=kickstarter%20page,2026-09-30,English,not controlled,,,,not available
Kickstarter campaign design,Kickstarter page design,/,P0,commercial,observed autocomplete,https://suggestqueries.google.com/complete/search?client=firefox&hl=en&q=kickstarter%20campaign%20design,2026-09-30,English,not controlled,,,,not available
Kickstarter campaign designer,Kickstarter campaign designer,/campaign-design,P0,hire a designer,inferred target; not measured demand,Editorial inference from service scope and platform vocabulary,2026-09-30,English,not controlled,,,,not available
hire a Kickstarter page designer,Kickstarter campaign designer,/campaign-design,P0,hire a designer,inferred target; not measured demand,Editorial inference from service scope and platform vocabulary,2026-09-30,English,not controlled,,,,not available
Kickstarter campaign copywriting,Kickstarter campaign designer,/campaign-design,P0,hire a designer,inferred target; not measured demand,Editorial inference from service scope and platform vocabulary,2026-09-30,English,not controlled,,,,not available
Kickstarter campaign graphics,Kickstarter campaign designer,/campaign-design,P0,hire a designer,inferred target; not measured demand,Editorial inference from service scope and platform vocabulary,2026-09-30,English,not controlled,,,,not available
Kickstarter page design service,Kickstarter campaign designer,/campaign-design,P0,hire a designer,inferred target; not measured demand,Editorial inference from service scope and platform vocabulary,2026-09-30,English,not controlled,,,,not available
crowdfunding campaign designer,Kickstarter campaign designer,/campaign-design,P0,hire a designer,inferred target; not measured demand,Editorial inference from service scope and platform vocabulary,2026-09-30,English,not controlled,,,,not available
Kickstarter campaign copy and graphics,Kickstarter campaign designer,/campaign-design,P0,hire a designer,inferred target; not measured demand,Editorial inference from service scope and platform vocabulary,2026-09-30,English,not controlled,,,,not available
Kickstarter campaign redesign,Kickstarter campaign designer,/campaign-design,P0,hire a designer,inferred target; not measured demand,Editorial inference from service scope and platform vocabulary,2026-09-30,English,not controlled,,,,not available
board game Kickstarter page design,board game Kickstarter page design,/board-game-kickstarter-campaign-design,P0,commercial category,inferred target; not measured demand,Editorial inference from service scope and platform vocabulary,2026-09-30,English,not controlled,,,,not available
board game Kickstarter campaign designer,board game Kickstarter page design,/board-game-kickstarter-campaign-design,P0,commercial category,inferred target; not measured demand,Editorial inference from service scope and platform vocabulary,2026-09-30,English,not controlled,,,,not available
board game crowdfunding page design,board game Kickstarter page design,/board-game-kickstarter-campaign-design,P0,commercial category,inferred target; not measured demand,Editorial inference from service scope and platform vocabulary,2026-09-30,English,not controlled,,,,not available
strategy game Kickstarter design,board game Kickstarter page design,/board-game-kickstarter-campaign-design,P0,commercial category,inferred target; not measured demand,Editorial inference from service scope and platform vocabulary,2026-09-30,English,not controlled,,,,not available
family board game campaign design,board game Kickstarter page design,/board-game-kickstarter-campaign-design,P0,commercial category,inferred target; not measured demand,Editorial inference from service scope and platform vocabulary,2026-09-30,English,not controlled,,,,not available
cooperative board game Kickstarter page design,board game Kickstarter page design,/board-game-kickstarter-campaign-design,P0,commercial category,inferred target; not measured demand,Editorial inference from service scope and platform vocabulary,2026-09-30,English,not controlled,,,,not available
card game Kickstarter page design,card game Kickstarter page design,/card-game-kickstarter-campaign-design,P0,commercial category,inferred target; not measured demand,Editorial inference from service scope and platform vocabulary,2026-09-30,English,not controlled,,,,not available
trading card game Kickstarter designer,card game Kickstarter page design,/card-game-kickstarter-campaign-design,P0,commercial category,inferred target; not measured demand,Editorial inference from service scope and platform vocabulary,2026-09-30,English,not controlled,,,,not available
TCG Kickstarter campaign design,card game Kickstarter page design,/card-game-kickstarter-campaign-design,P0,commercial category,inferred target; not measured demand,Editorial inference from service scope and platform vocabulary,2026-09-30,English,not controlled,,,,not available
party card game campaign design,card game Kickstarter page design,/card-game-kickstarter-campaign-design,P0,commercial category,inferred target; not measured demand,Editorial inference from service scope and platform vocabulary,2026-09-30,English,not controlled,,,,not available
deckbuilder Kickstarter page design,card game Kickstarter page design,/card-game-kickstarter-campaign-design,P0,commercial category,inferred target; not measured demand,Editorial inference from service scope and platform vocabulary,2026-09-30,English,not controlled,,,,not available
card game crowdfunding graphics,card game Kickstarter page design,/card-game-kickstarter-campaign-design,P0,commercial category,inferred target; not measured demand,Editorial inference from service scope and platform vocabulary,2026-09-30,English,not controlled,,,,not available
TTRPG Kickstarter page design,TTRPG Kickstarter page design,/ttrpg-kickstarter-campaign-design,P0,commercial category,inferred target; not measured demand,Editorial inference from service scope and platform vocabulary,2026-09-30,English,not controlled,,,,not available
tabletop RPG campaign designer,TTRPG Kickstarter page design,/ttrpg-kickstarter-campaign-design,P0,commercial category,inferred target; not measured demand,Editorial inference from service scope and platform vocabulary,2026-09-30,English,not controlled,,,,not available
RPG rulebook Kickstarter design,TTRPG Kickstarter page design,/ttrpg-kickstarter-campaign-design,P0,commercial category,inferred target; not measured demand,Editorial inference from service scope and platform vocabulary,2026-09-30,English,not controlled,,,,not available
RPG zine Kickstarter page design,TTRPG Kickstarter page design,/ttrpg-kickstarter-campaign-design,P0,commercial category,inferred target; not measured demand,Editorial inference from service scope and platform vocabulary,2026-09-30,English,not controlled,,,,not available
TTRPG campaign copywriting,TTRPG Kickstarter page design,/ttrpg-kickstarter-campaign-design,P0,commercial category,inferred target; not measured demand,Editorial inference from service scope and platform vocabulary,2026-09-30,English,not controlled,,,,not available
RPG adventure crowdfunding page design,TTRPG Kickstarter page design,/ttrpg-kickstarter-campaign-design,P0,commercial category,inferred target; not measured demand,Editorial inference from service scope and platform vocabulary,2026-09-30,English,not controlled,,,,not available
miniatures Kickstarter page design,miniatures Kickstarter page design,/miniatures-kickstarter-campaign-design,P1,commercial category,inferred target; not measured demand,Editorial inference from service scope and platform vocabulary,2026-09-30,English,not controlled,,,,not available
terrain Kickstarter campaign designer,miniatures Kickstarter page design,/miniatures-kickstarter-campaign-design,P1,commercial category,inferred target; not measured demand,Editorial inference from service scope and platform vocabulary,2026-09-30,English,not controlled,,,,not available
STL Kickstarter page design,miniatures Kickstarter page design,/miniatures-kickstarter-campaign-design,P1,commercial category,inferred target; not measured demand,Editorial inference from service scope and platform vocabulary,2026-09-30,English,not controlled,,,,not available
wargaming terrain campaign design,miniatures Kickstarter page design,/miniatures-kickstarter-campaign-design,P1,commercial category,inferred target; not measured demand,Editorial inference from service scope and platform vocabulary,2026-09-30,English,not controlled,,,,not available
miniature crowdfunding graphics,miniatures Kickstarter page design,/miniatures-kickstarter-campaign-design,P1,commercial category,inferred target; not measured demand,Editorial inference from service scope and platform vocabulary,2026-09-30,English,not controlled,,,,not available
tabletop accessories Kickstarter page design,tabletop accessories Kickstarter page design,/tabletop-accessories-campaign-design,P1,commercial category,inferred target; not measured demand,Editorial inference from service scope and platform vocabulary,2026-09-30,English,not controlled,,,,not available
dice Kickstarter campaign designer,tabletop accessories Kickstarter page design,/tabletop-accessories-campaign-design,P1,commercial category,inferred target; not measured demand,Editorial inference from service scope and platform vocabulary,2026-09-30,English,not controlled,,,,not available
card storage crowdfunding design,tabletop accessories Kickstarter page design,/tabletop-accessories-campaign-design,P1,commercial category,inferred target; not measured demand,Editorial inference from service scope and platform vocabulary,2026-09-30,English,not controlled,,,,not available
deck box Kickstarter page design,tabletop accessories Kickstarter page design,/tabletop-accessories-campaign-design,P1,commercial category,inferred target; not measured demand,Editorial inference from service scope and platform vocabulary,2026-09-30,English,not controlled,,,,not available
dice tray Kickstarter campaign design,tabletop accessories Kickstarter page design,/tabletop-accessories-campaign-design,P1,commercial category,inferred target; not measured demand,Editorial inference from service scope and platform vocabulary,2026-09-30,English,not controlled,,,,not available
Gamefound page design,Gamefound page design,/gamefound-campaign-design,P0,commercial platform,inferred target; not measured demand,Editorial inference from service scope and platform vocabulary,2026-09-30,English,not controlled,,,,not available
Gamefound campaign designer,Gamefound page design,/gamefound-campaign-design,P0,commercial platform,inferred target; not measured demand,Editorial inference from service scope and platform vocabulary,2026-09-30,English,not controlled,,,,not available
Gamefound campaign copywriting,Gamefound page design,/gamefound-campaign-design,P0,commercial platform,inferred target; not measured demand,Editorial inference from service scope and platform vocabulary,2026-09-30,English,not controlled,,,,not available
Gamefound reward graphics,Gamefound page design,/gamefound-campaign-design,P0,commercial platform,inferred target; not measured demand,Editorial inference from service scope and platform vocabulary,2026-09-30,English,not controlled,,,,not available
Gamefound project page design,Gamefound page design,/gamefound-campaign-design,P0,commercial platform,inferred target; not measured demand,Editorial inference from service scope and platform vocabulary,2026-09-30,English,not controlled,,,,not available
Guildframe free mockup,Guildframe free mockup,/buy,P1,branded enquiry,inferred target; not measured demand,Editorial inference from service scope and platform vocabulary,2026-09-30,English,not controlled,,,,not available
Guildframe campaign design booking,Guildframe free mockup,/buy,P1,branded enquiry,inferred target; not measured demand,Editorial inference from service scope and platform vocabulary,2026-09-30,English,not controlled,,,,not available
request a free Kickstarter page mockup,Guildframe free mockup,/buy,P1,branded enquiry,inferred target; not measured demand,Editorial inference from service scope and platform vocabulary,2026-09-30,English,not controlled,,,,not available
Kickstarter page design cost,Kickstarter page design cost,/guides/board-game-kickstarter-campaign-design-cost,P0,commercial investigation,inferred target; not measured demand,Editorial inference from service scope and platform vocabulary,2026-09-30,English,not controlled,,,,not available
board game Kickstarter campaign design cost,Kickstarter page design cost,/guides/board-game-kickstarter-campaign-design-cost,P0,commercial investigation,inferred target; not measured demand,Editorial inference from service scope and platform vocabulary,2026-09-30,English,not controlled,,,,not available
how much does a Kickstarter designer cost,Kickstarter page design cost,/guides/board-game-kickstarter-campaign-design-cost,P0,commercial investigation,inferred target; not measured demand,Editorial inference from service scope and platform vocabulary,2026-09-30,English,not controlled,,,,not available
Kickstarter campaign graphics pricing,Kickstarter page design cost,/guides/board-game-kickstarter-campaign-design-cost,P0,commercial investigation,inferred target; not measured demand,Editorial inference from service scope and platform vocabulary,2026-09-30,English,not controlled,,,,not available
Kickstarter copywriting and design price,Kickstarter page design cost,/guides/board-game-kickstarter-campaign-design-cost,P0,commercial investigation,inferred target; not measured demand,Editorial inference from service scope and platform vocabulary,2026-09-30,English,not controlled,,,,not available
board game Kickstarter page checklist,board game Kickstarter page checklist,/guides/board-game-kickstarter-page-checklist,P0,prelaunch preparation,inferred target; not measured demand,Editorial inference from service scope and platform vocabulary,2026-09-30,English,not controlled,,,,not available
what to include in a board game Kickstarter page,board game Kickstarter page checklist,/guides/board-game-kickstarter-page-checklist,P0,prelaunch preparation,inferred target; not measured demand,Editorial inference from service scope and platform vocabulary,2026-09-30,English,not controlled,,,,not available
Kickstarter page checklist before launch,board game Kickstarter page checklist,/guides/board-game-kickstarter-page-checklist,P0,prelaunch preparation,inferred target; not measured demand,Editorial inference from service scope and platform vocabulary,2026-09-30,English,not controlled,,,,not available
board game campaign page sections,board game Kickstarter page checklist,/guides/board-game-kickstarter-page-checklist,P0,prelaunch preparation,inferred target; not measured demand,Editorial inference from service scope and platform vocabulary,2026-09-30,English,not controlled,,,,not available
what to send a Kickstarter campaign designer,what to send a Kickstarter campaign designer,/guides/what-to-send-kickstarter-campaign-designer,P0,prepare to hire,inferred target; not measured demand,Editorial inference from service scope and platform vocabulary,2026-09-30,English,not controlled,,,,not available
Kickstarter design brief checklist,what to send a Kickstarter campaign designer,/guides/what-to-send-kickstarter-campaign-designer,P0,prepare to hire,inferred target; not measured demand,Editorial inference from service scope and platform vocabulary,2026-09-30,English,not controlled,,,,not available
artwork needed for Kickstarter page design,what to send a Kickstarter campaign designer,/guides/what-to-send-kickstarter-campaign-designer,P0,prepare to hire,inferred target; not measured demand,Editorial inference from service scope and platform vocabulary,2026-09-30,English,not controlled,,,,not available
Kickstarter campaign design assets,what to send a Kickstarter campaign designer,/guides/what-to-send-kickstarter-campaign-designer,P0,prepare to hire,inferred target; not measured demand,Editorial inference from service scope and platform vocabulary,2026-09-30,English,not controlled,,,,not available
Kickstarter reward tier graphics,Kickstarter reward tier graphics,/guides/kickstarter-reward-tier-graphics,P0,prelaunch preparation,inferred target; not measured demand,Editorial inference from service scope and platform vocabulary,2026-09-30,English,not controlled,,,,not available
board game reward comparison graphics,Kickstarter reward tier graphics,/guides/kickstarter-reward-tier-graphics,P0,prelaunch preparation,inferred target; not measured demand,Editorial inference from service scope and platform vocabulary,2026-09-30,English,not controlled,,,,not available
Kickstarter rewards examples,Kickstarter reward tier graphics,/guides/kickstarter-reward-tier-graphics,P0,prelaunch preparation,observed autocomplete,https://suggestqueries.google.com/complete/search?client=firefox&hl=en&q=kickstarter%20rewards,2026-09-30,English,not controlled,,,,not available
card game Kickstarter reward graphics,Kickstarter reward tier graphics,/guides/kickstarter-reward-tier-graphics,P0,prelaunch preparation,inferred target; not measured demand,Editorial inference from service scope and platform vocabulary,2026-09-30,English,not controlled,,,,not available
RPG print and PDF reward tiers,Kickstarter reward tier graphics,/guides/kickstarter-reward-tier-graphics,P0,prelaunch preparation,inferred target; not measured demand,Editorial inference from service scope and platform vocabulary,2026-09-30,English,not controlled,,,,not available
how to design a TTRPG Kickstarter page,how to design a TTRPG Kickstarter page,/guides/ttrpg-kickstarter-campaign-page-design,P0,prelaunch preparation,inferred target; not measured demand,Editorial inference from service scope and platform vocabulary,2026-09-30,English,not controlled,,,,not available
what to include in an RPG Kickstarter campaign,how to design a TTRPG Kickstarter page,/guides/ttrpg-kickstarter-campaign-page-design,P0,prelaunch preparation,inferred target; not measured demand,Editorial inference from service scope and platform vocabulary,2026-09-30,English,not controlled,,,,not available
RPG Kickstarter sample pages,how to design a TTRPG Kickstarter page,/guides/ttrpg-kickstarter-campaign-page-design,P0,prelaunch preparation,inferred target; not measured demand,Editorial inference from service scope and platform vocabulary,2026-09-30,English,not controlled,,,,not available
TTRPG PDF and print reward design,how to design a TTRPG Kickstarter page,/guides/ttrpg-kickstarter-campaign-page-design,P0,prelaunch preparation,inferred target; not measured demand,Editorial inference from service scope and platform vocabulary,2026-09-30,English,not controlled,,,,not available
Kickstarter vs Gamefound page design,Kickstarter vs Gamefound page design,/guides/kickstarter-vs-gamefound-campaign-page-design,P1,platform design comparison,inferred target; not measured demand,Editorial inference from service scope and platform vocabulary,2026-09-30,English,not controlled,,,,not available
Gamefound story and reward sections,Kickstarter vs Gamefound page design,/guides/kickstarter-vs-gamefound-campaign-page-design,P1,platform design comparison,inferred target; not measured demand,Editorial inference from service scope and platform vocabulary,2026-09-30,English,not controlled,,,,not available
prepare campaign graphics for Gamefound,Kickstarter vs Gamefound page design,/guides/kickstarter-vs-gamefound-campaign-page-design,P1,platform design comparison,inferred target; not measured demand,Editorial inference from service scope and platform vocabulary,2026-09-30,English,not controlled,,,,not available
Kickstarter prelaunch page,Kickstarter vs Gamefound page design,/guides/kickstarter-vs-gamefound-campaign-page-design,P1,platform design comparison,observed autocomplete,https://suggestqueries.google.com/complete/search?client=firefox&hl=en&q=kickstarter%20page,2026-09-30,English,not controlled,,,,not available
Kickstarter page image size,Kickstarter page image size,/guides/kickstarter-campaign-graphics-mobile-readability,P1,technical campaign preparation,observed autocomplete,https://suggestqueries.google.com/complete/search?client=firefox&hl=en&q=kickstarter%20page,2026-09-30,English,not controlled,,,,not available
Kickstarter page width,Kickstarter page image size,/guides/kickstarter-campaign-graphics-mobile-readability,P1,technical campaign preparation,observed autocomplete,https://suggestqueries.google.com/complete/search?client=firefox&hl=en&q=kickstarter%20page,2026-09-30,English,not controlled,,,,not available
Kickstarter page size,Kickstarter page image size,/guides/kickstarter-campaign-graphics-mobile-readability,P1,technical campaign preparation,observed autocomplete,https://suggestqueries.google.com/complete/search?client=firefox&hl=en&q=kickstarter%20page,2026-09-30,English,not controlled,,,,not available
Kickstarter images readable on mobile,Kickstarter page image size,/guides/kickstarter-campaign-graphics-mobile-readability,P1,technical campaign preparation,inferred target; not measured demand,Editorial inference from service scope and platform vocabulary,2026-09-30,English,not controlled,,,,not available
Kickstarter campaign image formats,Kickstarter page image size,/guides/kickstarter-campaign-graphics-mobile-readability,P1,technical campaign preparation,inferred target; not measured demand,Editorial inference from service scope and platform vocabulary,2026-09-30,English,not controlled,,,,not available
Kickstarter page layout,Kickstarter page image size,/guides/kickstarter-campaign-graphics-mobile-readability,P1,technical campaign preparation,observed autocomplete,https://suggestqueries.google.com/complete/search?client=firefox&hl=en&q=kickstarter%20page,2026-09-30,English,not controlled,,,,not available
when to hire a Kickstarter campaign designer,when to hire a Kickstarter campaign designer,/guides/when-to-hire-kickstarter-campaign-designer,P0,prepare to hire,inferred target; not measured demand,Editorial inference from service scope and platform vocabulary,2026-09-30,English,not controlled,,,,not available
how early to start Kickstarter page design,when to hire a Kickstarter campaign designer,/guides/when-to-hire-kickstarter-campaign-designer,P0,prepare to hire,inferred target; not measured demand,Editorial inference from service scope and platform vocabulary,2026-09-30,English,not controlled,,,,not available
Kickstarter campaign design timeline,when to hire a Kickstarter campaign designer,/guides/when-to-hire-kickstarter-campaign-designer,P0,prepare to hire,inferred target; not measured demand,Editorial inference from service scope and platform vocabulary,2026-09-30,English,not controlled,,,,not available
is my artwork ready for a campaign designer,when to hire a Kickstarter campaign designer,/guides/when-to-hire-kickstarter-campaign-designer,P0,prepare to hire,inferred target; not measured demand,Editorial inference from service scope and platform vocabulary,2026-09-30,English,not controlled,,,,not available
Guildframe campaign design,Guildframe campaign design,/about,P1,branded trust,inferred target; not measured demand,Editorial inference from service scope and platform vocabulary,2026-09-30,English,not controlled,,,,not available
Umair Guildframe,Guildframe campaign design,/about,P1,branded trust,inferred target; not measured demand,Editorial inference from service scope and platform vocabulary,2026-09-30,English,not controlled,,,,not available
Umair campaign designer,Umair campaign designer,/authors/guildframe,P1,author trust,inferred target; not measured demand,Editorial inference from service scope and platform vocabulary,2026-09-30,English,not controlled,,,,not available
Guildframe guide author,Umair campaign designer,/authors/guildframe,P1,author trust,inferred target; not measured demand,Editorial inference from service scope and platform vocabulary,2026-09-30,English,not controlled,,,,not available
Guildframe editorial policy,Guildframe editorial policy,/editorial-policy,maintenance,branded trust,inferred target; not measured demand,Editorial inference from service scope and platform vocabulary,2026-09-30,English,not controlled,,,,not available
Guildframe guide sources,Guildframe editorial policy,/editorial-policy,maintenance,branded trust,inferred target; not measured demand,Editorial inference from service scope and platform vocabulary,2026-09-30,English,not controlled,,,,not available
Kickstarter page design guides,Kickstarter page design guides,/guides,P1,guide discovery,inferred target; not measured demand,Editorial inference from service scope and platform vocabulary,2026-09-30,English,not controlled,,,,not available
board game Kickstarter launch preparation,Kickstarter page design guides,/guides,P1,guide discovery,inferred target; not measured demand,Editorial inference from service scope and platform vocabulary,2026-09-30,English,not controlled,,,,not available
Kickstarter to Shopify,Kickstarter to Shopify,/kickstarter-to-shopify,maintenance,after funding overview,inferred target; not measured demand,Editorial inference from service scope and platform vocabulary,2026-09-30,English,not controlled,,,,not available
Shopify store after Kickstarter,Kickstarter to Shopify,/kickstarter-to-shopify,maintenance,after funding overview,inferred target; not measured demand,Editorial inference from service scope and platform vocabulary,2026-09-30,English,not controlled,,,,not available
Shopify store planning after crowdfunding,Shopify store planning after crowdfunding,/done-for-you-shopify-store,maintenance,legacy store planning,inferred target; not measured demand,Editorial inference from service scope and platform vocabulary,2026-09-30,English,not controlled,,,,not available
Shopify theme for board games,Shopify theme for board games,/shopify-theme-for-board-games,maintenance,legacy store planning,inferred target; not measured demand,Editorial inference from service scope and platform vocabulary,2026-09-30,English,not controlled,,,,not available
board game Shopify store setup,Shopify theme for board games,/shopify-theme-for-board-games,maintenance,legacy store planning,inferred target; not measured demand,Editorial inference from service scope and platform vocabulary,2026-09-30,English,not controlled,,,,not available
Shopify store for TTRPGs,Shopify store for TTRPGs,/shopify-theme-for-ttrpg,maintenance,legacy store planning,inferred target; not measured demand,Editorial inference from service scope and platform vocabulary,2026-09-30,English,not controlled,,,,not available
Shopify theme for RPG publishers,Shopify store for TTRPGs,/shopify-theme-for-ttrpg,maintenance,legacy store planning,inferred target; not measured demand,Editorial inference from service scope and platform vocabulary,2026-09-30,English,not controlled,,,,not available
Shopify theme for miniatures,Shopify theme for miniatures,/shopify-theme-for-miniatures,maintenance,legacy store planning,inferred target; not measured demand,Editorial inference from service scope and platform vocabulary,2026-09-30,English,not controlled,,,,not available
miniatures and STL Shopify store,Shopify theme for miniatures,/shopify-theme-for-miniatures,maintenance,legacy store planning,inferred target; not measured demand,Editorial inference from service scope and platform vocabulary,2026-09-30,English,not controlled,,,,not available
what happens after Kickstarter is funded,what happens after Kickstarter is funded,/guides/what-happens-after-kickstarter-is-funded,maintenance,after funding information,inferred target; not measured demand,Editorial inference from service scope and platform vocabulary,2026-09-30,English,not controlled,,,,not available
Kickstarter payments and backer delivery,what happens after Kickstarter is funded,/guides/what-happens-after-kickstarter-is-funded,maintenance,after funding information,inferred target; not measured demand,Editorial inference from service scope and platform vocabulary,2026-09-30,English,not controlled,,,,not available
how to move from Kickstarter to Shopify,how to move from Kickstarter to Shopify,/guides/move-from-kickstarter-to-shopify,maintenance,store migration,inferred target; not measured demand,Editorial inference from service scope and platform vocabulary,2026-09-30,English,not controlled,,,,not available
Kickstarter to Shopify migration guide,how to move from Kickstarter to Shopify,/guides/move-from-kickstarter-to-shopify,maintenance,store migration,inferred target; not measured demand,Editorial inference from service scope and platform vocabulary,2026-09-30,English,not controlled,,,,not available
best Shopify themes for board games,best Shopify themes for board games,/guides/best-shopify-themes-for-board-games,maintenance,theme comparison,inferred target; not measured demand,Editorial inference from service scope and platform vocabulary,2026-09-30,English,not controlled,,,,not available
Shopify theme for trading card games,best Shopify themes for board games,/guides/best-shopify-themes-for-board-games,maintenance,theme comparison,inferred target; not measured demand,Editorial inference from service scope and platform vocabulary,2026-09-30,English,not controlled,,,,not available
Shopify developer vs DIY theme,Shopify developer vs DIY theme,/guides/shopify-developer-vs-diy-theme,maintenance,build comparison,inferred target; not measured demand,Editorial inference from service scope and platform vocabulary,2026-09-30,English,not controlled,,,,not available
hire developer for tabletop Shopify store,Shopify developer vs DIY theme,/guides/shopify-developer-vs-diy-theme,maintenance,build comparison,inferred target; not measured demand,Editorial inference from service scope and platform vocabulary,2026-09-30,English,not controlled,,,,not available
Kickstarter late pledges vs Shopify,Kickstarter late pledges vs Shopify,/guides/kickstarter-late-pledges-vs-shopify,maintenance,sales channel comparison,inferred target; not measured demand,Editorial inference from service scope and platform vocabulary,2026-09-30,English,not controlled,,,,not available
late pledges vs retail preorders,Kickstarter late pledges vs Shopify,/guides/kickstarter-late-pledges-vs-shopify,maintenance,sales channel comparison,inferred target; not measured demand,Editorial inference from service scope and platform vocabulary,2026-09-30,English,not controlled,,,,not available
BackerKit vs Shopify vs Gamefound,BackerKit vs Shopify vs Gamefound,/guides/backerkit-vs-shopify-vs-gamefound,maintenance,platform comparison,inferred target; not measured demand,Editorial inference from service scope and platform vocabulary,2026-09-30,English,not controlled,,,,not available
pledge manager vs online store,BackerKit vs Shopify vs Gamefound,/guides/backerkit-vs-shopify-vs-gamefound,maintenance,platform comparison,inferred target; not measured demand,Editorial inference from service scope and platform vocabulary,2026-09-30,English,not controlled,,,,not available
Kickstarter to Shopify launch timeline,Kickstarter to Shopify launch timeline,/guides/kickstarter-to-shopify-launch-timeline,maintenance,store timing,inferred target; not measured demand,Editorial inference from service scope and platform vocabulary,2026-09-30,English,not controlled,,,,not available
when to open a store after Kickstarter,Kickstarter to Shopify launch timeline,/guides/kickstarter-to-shopify-launch-timeline,maintenance,store timing,inferred target; not measured demand,Editorial inference from service scope and platform vocabulary,2026-09-30,English,not controlled,,,,not available
sell board game preorders on Shopify,sell board game preorders on Shopify,/guides/sell-board-game-preorders-on-shopify,maintenance,store operations,inferred target; not measured demand,Editorial inference from service scope and platform vocabulary,2026-09-30,English,not controlled,,,,not available
Shopify preorders after crowdfunding,sell board game preorders on Shopify,/guides/sell-board-game-preorders-on-shopify,maintenance,store operations,inferred target; not measured demand,Editorial inference from service scope and platform vocabulary,2026-09-30,English,not controlled,,,,not available
sell board game expansions on Shopify,sell board game expansions on Shopify,/guides/sell-board-game-expansions-add-ons-shopify,maintenance,store operations,inferred target; not measured demand,Editorial inference from service scope and platform vocabulary,2026-09-30,English,not controlled,,,,not available
Shopify game bundles vs variants,sell board game expansions on Shopify,/guides/sell-board-game-expansions-add-ons-shopify,maintenance,store operations,inferred target; not measured demand,Editorial inference from service scope and platform vocabulary,2026-09-30,English,not controlled,,,,not available
selling miniatures internationally VAT IOSS,selling miniatures internationally VAT IOSS,/guides/selling-miniatures-internationally-vat-ioss,maintenance,shipping and tax information,inferred target; not measured demand,Editorial inference from service scope and platform vocabulary,2026-09-30,English,not controlled,,,,not available
EU import duty miniatures Shopify,selling miniatures internationally VAT IOSS,/guides/selling-miniatures-internationally-vat-ioss,maintenance,shipping and tax information,inferred target; not measured demand,Editorial inference from service scope and platform vocabulary,2026-09-30,English,not controlled,,,,not available
board game website cost,board game website cost,/guides/how-much-does-a-board-game-website-cost,maintenance,store budgeting,inferred target; not measured demand,Editorial inference from service scope and platform vocabulary,2026-09-30,English,not controlled,,,,not available
tabletop Shopify store budget,board game website cost,/guides/how-much-does-a-board-game-website-cost,maintenance,store budgeting,inferred target; not measured demand,Editorial inference from service scope and platform vocabulary,2026-09-30,English,not controlled,,,,not available
Shopify vs Etsy for selling miniatures,Shopify vs Etsy for selling miniatures,/guides/shopify-vs-etsy-for-selling-miniatures,maintenance,sales channel comparison,inferred target; not measured demand,Editorial inference from service scope and platform vocabulary,2026-09-30,English,not controlled,,,,not available
Etsy vs Shopify terrain store,Shopify vs Etsy for selling miniatures,/guides/shopify-vs-etsy-for-selling-miniatures,maintenance,sales channel comparison,inferred target; not measured demand,Editorial inference from service scope and platform vocabulary,2026-09-30,English,not controlled,,,,not available
build tabletop Shopify store with AI,build tabletop Shopify store with AI,/guides/build-a-tabletop-shopify-store-with-ai,maintenance,store implementation,inferred target; not measured demand,Editorial inference from service scope and platform vocabulary,2026-09-30,English,not controlled,,,,not available
AI Shopify theme sections for board games,build tabletop Shopify store with AI,/guides/build-a-tabletop-shopify-store-with-ai,maintenance,store implementation,inferred target; not measured demand,Editorial inference from service scope and platform vocabulary,2026-09-30,English,not controlled,,,,not available
tabletop Shopify checklists,tabletop Shopify checklists,/resources,maintenance,reference discovery,inferred target; not measured demand,Editorial inference from service scope and platform vocabulary,2026-09-30,English,not controlled,,,,not available
Kickstarter tabletop funding data,tabletop Shopify checklists,/resources,maintenance,reference discovery,inferred target; not measured demand,Editorial inference from service scope and platform vocabulary,2026-09-30,English,not controlled,,,,not available
board game Shopify store checklist,board game Shopify store checklist,/resources/board-game-shopify-store-checklist,maintenance,reference checklist,inferred target; not measured demand,Editorial inference from service scope and platform vocabulary,2026-09-30,English,not controlled,,,,not available
Kickstarter to Shopify migration checklist,Kickstarter to Shopify migration checklist,/resources/kickstarter-to-shopify-migration-checklist,maintenance,reference checklist,inferred target; not measured demand,Editorial inference from service scope and platform vocabulary,2026-09-30,English,not controlled,,,,not available
tabletop crowdfunding platform comparison matrix,tabletop crowdfunding platform comparison matrix,/resources/backerkit-vs-shopify-vs-gamefound-comparison,maintenance,reference comparison,inferred target; not measured demand,Editorial inference from service scope and platform vocabulary,2026-09-30,English,not controlled,,,,not available
board game Shopify product page checklist,board game Shopify product page checklist,/resources/board-game-product-page-checklist,maintenance,reference checklist,inferred target; not measured demand,Editorial inference from service scope and platform vocabulary,2026-09-30,English,not controlled,,,,not available
2024 Kickstarter tabletop games funding,2024 Kickstarter tabletop games funding,/resources/kickstarter-tabletop-games-benchmark,maintenance,reference data,inferred target; not measured demand,Editorial inference from service scope and platform vocabulary,2026-09-30,English,not controlled,,,,not available
Kickstarter tabletop success rate 2024,2024 Kickstarter tabletop games funding,/resources/kickstarter-tabletop-games-benchmark,maintenance,reference data,inferred target; not measured demand,Editorial inference from service scope and platform vocabulary,2026-09-30,English,not controlled,,,,not available
tabletop Shopify metafield schema,tabletop Shopify metafield schema,/resources/tabletop-shopify-metafield-schema,maintenance,reference specification,inferred target; not measured demand,Editorial inference from service scope and platform vocabulary,2026-09-30,English,not controlled,,,,not available
Shopify player count compatibility metafields,tabletop Shopify metafield schema,/resources/tabletop-shopify-metafield-schema,maintenance,reference specification,inferred target; not measured demand,Editorial inference from service scope and platform vocabulary,2026-09-30,English,not controlled,,,,not available
