query,target_url,intent,evidence,observed_source,volume,cpc,priority_basis
kickstarter prelaunch page,https://guildframe.com/guides/kickstarter-prelaunch-page-guide,Creator planning a tabletop launch,Observed autocomplete,Google,Not obtained,Not obtained,Distinct creator task and service fit; not estimated volume
kickstarter pre launch page,https://guildframe.com/guides/kickstarter-prelaunch-page-guide,Creator planning a tabletop launch,Observed autocomplete,Bing,Not obtained,Not obtained,Distinct creator task and service fit; not estimated volume
kickstarter prelaunch page example,https://guildframe.com/guides/kickstarter-prelaunch-page-guide,Creator planning a tabletop launch,Observed autocomplete,Google,Not obtained,Not obtained,Distinct creator task and service fit; not estimated volume
kickstarter preview page,https://guildframe.com/guides/kickstarter-prelaunch-page-guide,Creator planning a tabletop launch,Observed autocomplete,Google,Not obtained,Not obtained,Distinct creator task and service fit; not estimated volume
board game kickstarter prelaunch page,https://guildframe.com/guides/kickstarter-prelaunch-page-guide,Creator planning a tabletop launch,Editorial task hypothesis,,Not obtained,Not obtained,Distinct creator task and service fit; not estimated volume
board game kickstarter gameplay section,https://guildframe.com/guides/board-game-kickstarter-gameplay-rulebook,Creator planning a tabletop launch,Editorial task hypothesis,,Not obtained,Not obtained,Distinct creator task and service fit; not estimated volume
kickstarter rulebook link,https://guildframe.com/guides/board-game-kickstarter-gameplay-rulebook,Creator planning a tabletop launch,Editorial task hypothesis,,Not obtained,Not obtained,Distinct creator task and service fit; not estimated volume
how to explain board game gameplay on kickstarter,https://guildframe.com/guides/board-game-kickstarter-gameplay-rulebook,Creator planning a tabletop launch,Editorial task hypothesis,,Not obtained,Not obtained,Distinct creator task and service fit; not estimated volume
board game campaign rules preview,https://guildframe.com/guides/board-game-kickstarter-gameplay-rulebook,Creator planning a tabletop launch,Editorial task hypothesis,,Not obtained,Not obtained,Distinct creator task and service fit; not estimated volume
kickstarter board game playthrough,https://guildframe.com/guides/board-game-kickstarter-gameplay-rulebook,Creator planning a tabletop launch,Editorial task hypothesis,,Not obtained,Not obtained,Distinct creator task and service fit; not estimated volume
kickstarter video requirements,https://guildframe.com/guides/kickstarter-campaign-video-planning,Creator planning a tabletop launch,Observed autocomplete,Google,Not obtained,Not obtained,Distinct creator task and service fit; not estimated volume
kickstarter video size,https://guildframe.com/guides/kickstarter-campaign-video-planning,Creator planning a tabletop launch,Observed autocomplete,Google,Not obtained,Not obtained,Distinct creator task and service fit; not estimated volume
kickstarter video guidelines,https://guildframe.com/guides/kickstarter-campaign-video-planning,Creator planning a tabletop launch,Observed autocomplete,Bing,Not obtained,Not obtained,Distinct creator task and service fit; not estimated volume
board game kickstarter video brief,https://guildframe.com/guides/kickstarter-campaign-video-planning,Creator planning a tabletop launch,Editorial task hypothesis,,Not obtained,Not obtained,Distinct creator task and service fit; not estimated volume
kickstarter discovery mode video,https://guildframe.com/guides/kickstarter-campaign-video-planning,Creator planning a tabletop launch,Editorial task hypothesis,,Not obtained,Not obtained,Distinct creator task and service fit; not estimated volume
kickstarter stretch goals,https://guildframe.com/guides/kickstarter-stretch-goals-planning,Creator planning a tabletop launch,Observed autocomplete,Bing + Google,Not obtained,Not obtained,Distinct creator task and service fit; not estimated volume
kickstarter stretch goals template,https://guildframe.com/guides/kickstarter-stretch-goals-planning,Creator planning a tabletop launch,Observed autocomplete,Google,Not obtained,Not obtained,Distinct creator task and service fit; not estimated volume
how to add stretch goals to kickstarter,https://guildframe.com/guides/kickstarter-stretch-goals-planning,Creator planning a tabletop launch,Observed autocomplete,Bing,Not obtained,Not obtained,Distinct creator task and service fit; not estimated volume
board game stretch goal planning,https://guildframe.com/guides/kickstarter-stretch-goals-planning,Creator planning a tabletop launch,Editorial task hypothesis,,Not obtained,Not obtained,Distinct creator task and service fit; not estimated volume
gamefound stretch goals,https://guildframe.com/guides/kickstarter-stretch-goals-planning,Creator planning a tabletop launch,Observed autocomplete,Google,Not obtained,Not obtained,Distinct creator task and service fit; not estimated volume
kickstarter shipping costs,https://guildframe.com/guides/kickstarter-shipping-delivery-page,Creator planning a tabletop launch,Observed autocomplete,Bing + Google,Not obtained,Not obtained,Distinct creator task and service fit; not estimated volume
kickstarter shipping info,https://guildframe.com/guides/kickstarter-shipping-delivery-page,Creator planning a tabletop launch,Observed autocomplete,Google,Not obtained,Not obtained,Distinct creator task and service fit; not estimated volume
kickstarter shipping charged later,https://guildframe.com/guides/kickstarter-shipping-delivery-page,Creator planning a tabletop launch,Editorial task hypothesis,,Not obtained,Not obtained,Distinct creator task and service fit; not estimated volume
board game kickstarter shipping section,https://guildframe.com/guides/kickstarter-shipping-delivery-page,Creator planning a tabletop launch,Editorial task hypothesis,,Not obtained,Not obtained,Distinct creator task and service fit; not estimated volume
kickstarter delivery timeline,https://guildframe.com/guides/kickstarter-shipping-delivery-page,Creator planning a tabletop launch,Editorial task hypothesis,,Not obtained,Not obtained,Distinct creator task and service fit; not estimated volume
kickstarter prototype,https://guildframe.com/guides/kickstarter-prototype-risks-disclosure,Creator planning a tabletop launch,Observed autocomplete,Bing + Google,Not obtained,Not obtained,Distinct creator task and service fit; not estimated volume
board game kickstarter prototype images,https://guildframe.com/guides/kickstarter-prototype-risks-disclosure,Creator planning a tabletop launch,Editorial task hypothesis,,Not obtained,Not obtained,Distinct creator task and service fit; not estimated volume
kickstarter risks and challenges for board games,https://guildframe.com/guides/kickstarter-prototype-risks-disclosure,Creator planning a tabletop launch,Editorial task hypothesis,,Not obtained,Not obtained,Distinct creator task and service fit; not estimated volume
miniature render versus test print campaign,https://guildframe.com/guides/kickstarter-prototype-risks-disclosure,Creator planning a tabletop launch,Editorial task hypothesis,,Not obtained,Not obtained,Distinct creator task and service fit; not estimated volume
kickstarter product design prototype rules,https://guildframe.com/guides/kickstarter-prototype-risks-disclosure,Creator planning a tabletop launch,Editorial task hypothesis,,Not obtained,Not obtained,Distinct creator task and service fit; not estimated volume
kickstarter review process,https://guildframe.com/guides/kickstarter-review-launch-timeline,Creator planning a tabletop launch,Observed autocomplete,Google,Not obtained,Not obtained,Distinct creator task and service fit; not estimated volume
kickstarter review time,https://guildframe.com/guides/kickstarter-review-launch-timeline,Creator planning a tabletop launch,Observed autocomplete,Google,Not obtained,Not obtained,Distinct creator task and service fit; not estimated volume
kickstarter project review,https://guildframe.com/guides/kickstarter-review-launch-timeline,Creator planning a tabletop launch,Observed autocomplete,Google,Not obtained,Not obtained,Distinct creator task and service fit; not estimated volume
kickstarter target launch date,https://guildframe.com/guides/kickstarter-review-launch-timeline,Creator planning a tabletop launch,Editorial task hypothesis,,Not obtained,Not obtained,Distinct creator task and service fit; not estimated volume
can i schedule a kickstarter launch,https://guildframe.com/guides/kickstarter-review-launch-timeline,Creator planning a tabletop launch,Editorial task hypothesis,,Not obtained,Not obtained,Distinct creator task and service fit; not estimated volume
gamefound preview,https://guildframe.com/guides/gamefound-launch-page-checklist,Creator planning a tabletop launch,Observed autocomplete,Google,Not obtained,Not obtained,Distinct creator task and service fit; not estimated volume
gamefound tester mode,https://guildframe.com/guides/gamefound-launch-page-checklist,Creator planning a tabletop launch,Editorial task hypothesis,,Not obtained,Not obtained,Distinct creator task and service fit; not estimated volume
gamefound launch checklist,https://guildframe.com/guides/gamefound-launch-page-checklist,Creator planning a tabletop launch,Editorial task hypothesis,,Not obtained,Not obtained,Distinct creator task and service fit; not estimated volume
gamefound reward not visible,https://guildframe.com/guides/gamefound-launch-page-checklist,Creator planning a tabletop launch,Editorial task hypothesis,,Not obtained,Not obtained,Distinct creator task and service fit; not estimated volume
publish gamefound sections,https://guildframe.com/guides/gamefound-launch-page-checklist,Creator planning a tabletop launch,Editorial task hypothesis,,Not obtained,Not obtained,Distinct creator task and service fit; not estimated volume
card game kickstarter,https://guildframe.com/guides/card-game-kickstarter-launch-guide,Creator planning a tabletop launch,Observed autocomplete,Bing + Google,Not obtained,Not obtained,Distinct creator task and service fit; not estimated volume
trading card game kickstarter,https://guildframe.com/guides/card-game-kickstarter-launch-guide,Creator planning a tabletop launch,Observed autocomplete,Bing + Google,Not obtained,Not obtained,Distinct creator task and service fit; not estimated volume
card game kickstarter launch checklist,https://guildframe.com/guides/card-game-kickstarter-launch-guide,Creator planning a tabletop launch,Editorial task hypothesis,,Not obtained,Not obtained,Distinct creator task and service fit; not estimated volume
tcg kickstarter reward contents,https://guildframe.com/guides/card-game-kickstarter-launch-guide,Creator planning a tabletop launch,Editorial task hypothesis,,Not obtained,Not obtained,Distinct creator task and service fit; not estimated volume
card game campaign gameplay explanation,https://guildframe.com/guides/card-game-kickstarter-launch-guide,Creator planning a tabletop launch,Editorial task hypothesis,,Not obtained,Not obtained,Distinct creator task and service fit; not estimated volume
kickstarter stl files,https://guildframe.com/guides/miniatures-stl-kickstarter-launch-guide,Creator planning a tabletop launch,Observed autocomplete,Google,Not obtained,Not obtained,Distinct creator task and service fit; not estimated volume
stl miniatures kickstarter,https://guildframe.com/guides/miniatures-stl-kickstarter-launch-guide,Creator planning a tabletop launch,Observed autocomplete,Google,Not obtained,Not obtained,Distinct creator task and service fit; not estimated volume
kickstarter miniatures,https://guildframe.com/guides/miniatures-stl-kickstarter-launch-guide,Creator planning a tabletop launch,Editorial task hypothesis,,Not obtained,Not obtained,Distinct creator task and service fit; not estimated volume
kickstarter terrain,https://guildframe.com/guides/miniatures-stl-kickstarter-launch-guide,Creator planning a tabletop launch,Editorial task hypothesis,,Not obtained,Not obtained,Distinct creator task and service fit; not estimated volume
miniatures stl campaign reward comparison,https://guildframe.com/guides/miniatures-stl-kickstarter-launch-guide,Creator planning a tabletop launch,Editorial task hypothesis,,Not obtained,Not obtained,Distinct creator task and service fit; not estimated volume
tabletop kickstarter agency,https://guildframe.com/,Creator hiring launch help,Editorial task hypothesis; owner-approved service scope,,Not obtained,Not obtained,Distinct creator task and service fit; not estimated volume
board game crowdfunding agency,https://guildframe.com/,Creator hiring launch help,Editorial task hypothesis; owner-approved service scope,,Not obtained,Not obtained,Distinct creator task and service fit; not estimated volume
kickstarter launch services for board games,https://guildframe.com/kickstarter-launch-services,Creator hiring launch coordination,Editorial task hypothesis; owner-approved service scope,,Not obtained,Not obtained,Distinct creator task and service fit; not estimated volume
kickstarter prelaunch marketing service,https://guildframe.com/kickstarter-prelaunch-marketing,Creator hiring prelaunch setup,Editorial task hypothesis; owner-approved service scope,,Not obtained,Not obtained,Distinct creator task and service fit; not estimated volume
board game kickstarter advertising agency,https://guildframe.com/kickstarter-advertising,Creator hiring paid ad management,Editorial task hypothesis; owner-approved service scope,,Not obtained,Not obtained,Distinct creator task and service fit; not estimated volume
ttrpg kickstarter advertising,https://guildframe.com/kickstarter-advertising,Creator hiring paid ad management,Editorial task hypothesis; owner-approved service scope,,Not obtained,Not obtained,Distinct creator task and service fit; not estimated volume
kickstarter campaign management service,https://guildframe.com/kickstarter-campaign-management,Creator hiring live support,Editorial task hypothesis; owner-approved service scope,,Not obtained,Not obtained,Distinct creator task and service fit; not estimated volume
gamefound marketing agency,https://guildframe.com/gamefound-launch-services,Creator hiring Gamefound launch support,Editorial task hypothesis; owner-approved service scope,,Not obtained,Not obtained,Distinct creator task and service fit; not estimated volume
kickstarter pledge manager setup help,https://guildframe.com/post-campaign-support,Creator planning post-campaign handoff,Editorial task hypothesis; owner-approved service scope,,Not obtained,Not obtained,Distinct creator task and service fit; not estimated volume
board game kickstarter marketing plan,https://guildframe.com/guides/board-game-kickstarter-marketing-plan,Creator building a launch plan,Editorial task hypothesis; owner-approved service scope,,Not obtained,Not obtained,Distinct creator task and service fit; not estimated volume
kickstarter prelaunch email list,https://guildframe.com/guides/kickstarter-prelaunch-email-list,Creator preparing email signup,Editorial task hypothesis; owner-approved service scope,,Not obtained,Not obtained,Distinct creator task and service fit; not estimated volume
kickstarter advertising budget board games,https://guildframe.com/guides/kickstarter-advertising-budget-board-games,Creator budgeting paid tests,Editorial task hypothesis; owner-approved service scope,,Not obtained,Not obtained,Distinct creator task and service fit; not estimated volume
kickstarter campaign updates examples,https://guildframe.com/guides/kickstarter-live-campaign-updates,Creator organising live communication,Editorial task hypothesis; owner-approved service scope,,Not obtained,Not obtained,Distinct creator task and service fit; not estimated volume
