query,evidence_type,source,period,filters,bing_displayed_impressions,target_url,intent_decision,google_monthly_volume,google_cpc
kickstarter,Observed keyword research,Bing Webmaster Tools,2026-07-04 to 2026-10-01,All countries; all languages; all devices,137.1K,,Broad consumer or navigation query; do not target alone,Unavailable,Unavailable
board games,Observed keyword research,Bing Webmaster Tools,2026-07-04 to 2026-10-01,All countries; all languages; all devices,24.8K,,Broad consumer or navigation query; do not target alone,Unavailable,Unavailable
kickstarter board games,Observed keyword research,Bing Webmaster Tools,2026-07-04 to 2026-10-01,All countries; all languages; all devices,206,,Broad consumer or navigation query; do not target alone,Unavailable,Unavailable
gamefound,Observed keyword research,Bing Webmaster Tools,2026-07-04 to 2026-10-01,All countries; all languages; all devices,18.2K,,Broad consumer or navigation query; do not target alone,Unavailable,Unavailable
kickstarter marketing,Observed keyword research,Bing Webmaster Tools,2026-07-04 to 2026-10-01,All countries; all languages; all devices,Insufficient trend data,https://guildframe.com/kickstarter-launch-services,Creator service/planning query; lack of data is not zero,Unavailable,Unavailable
board game marketing,Observed keyword research,Bing Webmaster Tools,2026-07-04 to 2026-10-01,All countries; all languages; all devices,Insufficient trend data,https://guildframe.com/kickstarter-launch-services,Creator service/planning query; lack of data is not zero,Unavailable,Unavailable
kickstarter campaign design,Observed keyword research,Bing Webmaster Tools,2026-07-04 to 2026-10-01,All countries; all languages; all devices,Insufficient trend data,https://guildframe.com/campaign-design,Creator service/planning query; lack of data is not zero,Unavailable,Unavailable
kickstarter marketing agency for board games,Editorial long-tail target; no volume claim,Owner scope and observed service SERPs,Reviewed 2026-10-04,Not a measured keyword-volume dataset,Unavailable,https://guildframe.com/,Creator comparing or hiring launch work,Unavailable,Unavailable
how much does a kickstarter marketing agency cost,Editorial long-tail target; no volume claim,Owner scope and observed service SERPs,Reviewed 2026-10-04,Not a measured keyword-volume dataset,Unavailable,https://guildframe.com/guides/choose-board-game-kickstarter-marketing-agency,Creator comparing or hiring launch work,Unavailable,Unavailable
how to choose a board game kickstarter agency,Editorial long-tail target; no volume claim,Owner scope and observed service SERPs,Reviewed 2026-10-04,Not a measured keyword-volume dataset,Unavailable,https://guildframe.com/guides/choose-board-game-kickstarter-marketing-agency,Creator comparing or hiring launch work,Unavailable,Unavailable
kickstarter prelaunch page vs landing page,Editorial long-tail target; no volume claim,Owner scope and observed service SERPs,Reviewed 2026-10-04,Not a measured keyword-volume dataset,Unavailable,https://guildframe.com/guides/kickstarter-prelaunch-page-vs-landing-page,Creator comparing or hiring launch work,Unavailable,Unavailable
board game kickstarter prelaunch marketing service,Editorial long-tail target; no volume claim,Owner scope and observed service SERPs,Reviewed 2026-10-04,Not a measured keyword-volume dataset,Unavailable,https://guildframe.com/kickstarter-prelaunch-marketing,Creator comparing or hiring launch work,Unavailable,Unavailable
ttrpg kickstarter advertising agency,Editorial long-tail target; no volume claim,Owner scope and observed service SERPs,Reviewed 2026-10-04,Not a measured keyword-volume dataset,Unavailable,https://guildframe.com/kickstarter-advertising,Creator comparing or hiring launch work,Unavailable,Unavailable
