url_path,source_file,page_type,primary_intent,target_reader,funnel_stage,parent_page,title,description,indexable,in_sitemap,last_modified,h1_count,schema_types,links_in,links_out,external_sources
/,app/page.tsx,commercial home,Shopify stores for tabletop games,tabletop creator or studio choosing a build route,awareness to decision,none,Shopify Stores for Tabletop Games | Guildframe,"Guildframe designs and develops complete Shopify stores for tabletop creators. Get a full store for $2,500, or build it yourself with the $79 build guide.",yes,yes,2026-08-09,1,FAQPage Product Service WebPage,30,11,
/buy,app/buy/page.tsx,commercial purchase,Buy the Guildframe Build Guide,creator who wants to build the store themselves,decision,/,Buy the Guildframe Build Guide | Guildframe,"Build your own tabletop Shopify store using an AI tool for $79. Get the exact prompts to copy, what to fix when the AI gets it wrong, and an example store.",yes,yes,2026-08-09,1,BreadcrumbList Product WebPage,30,17,
/done-for-you-shopify-store,app/done-for-you-shopify-store/page.tsx,commercial service,Shopify developer for tabletop games,creator or studio hiring a specialist,decision,/,Shopify Design and Development for Tabletop Brands | Guildframe,"Get a complete Shopify store designed and developed for your tabletop brand for $2,500, including up to 50 product SKUs and a publish ready handoff.",yes,yes,2026-08-09,1,BreadcrumbList Service WebPage,30,17,
/shopify-theme-for-board-games,app/shopify-theme-for-board-games/page.tsx,commercial category,Board game Shopify theme and store,board game creator or publisher,consideration,/,Shopify Theme and Store Setup for Board Games | Guildframe,"Choose a board game Shopify theme and structure the store around editions, expansions and bundles. Full build for $2,500, or build it yourself for $79.",yes,yes,2026-08-09,1,BreadcrumbList FAQPage Product WebPage,30,16,
/kickstarter-to-shopify,app/kickstarter-to-shopify/page.tsx,commercial solution,Kickstarter to Shopify solution,funded tabletop creator,consideration to decision,/,Kickstarter to Shopify for Funded Tabletop Games | Guildframe,"Turn a funded tabletop campaign into a permanent Shopify store. Plan late pledges, BackerKit or Gamefound handoff, preorders, shipping, EU VAT and IOSS.",yes,yes,2026-07-23,1,BreadcrumbList FAQPage Service WebPage,30,19,
/shopify-theme-for-ttrpg,app/shopify-theme-for-ttrpg/page.tsx,commercial category,TTRPG Shopify theme and store,TTRPG publisher or independent creator,consideration,/,Shopify Store and Theme Setup for TTRPG Publishers | Guildframe,"Build a TTRPG Shopify store for books, adventures, supplements, dice and accessories. Full build for $2,500, or build it yourself with the $79 guide.",yes,yes,2026-08-09,1,BreadcrumbList FAQPage Product WebPage,30,18,
/shopify-theme-for-miniatures,app/shopify-theme-for-miniatures/page.tsx,commercial category,Miniatures Shopify theme and store,miniature studio or terrain maker,consideration,/,Shopify Store and Theme Setup for Miniatures | Guildframe,"Build a miniatures Shopify store for detailed product media, variants, ranges and collections. Full build for $2,500, or build it yourself for $79.",yes,yes,2026-08-09,1,BreadcrumbList FAQPage Product WebPage,30,18,
/guides,app/guides/page.tsx,editorial hub,Tabletop ecommerce guides,creator researching a decision,awareness,/,Tabletop Ecommerce and Kickstarter Guides | Guildframe,"Practical guides for moving from crowdfunding to Shopify, choosing a board game theme and planning post campaign commerce.",yes,yes,2026-08-09,1,Article BreadcrumbList CollectionPage ItemList,30,24,
/guides/what-happens-after-kickstarter-is-funded,app/guides/what-happens-after-kickstarter-is-funded/page.tsx,editorial guide,What happens after Kickstarter is funded,newly funded creator,awareness,/guides,What Happens After Your Kickstarter Is Funded? | Guildframe,"What happens after a Kickstarter is funded: payment collection, backer data, fulfillment, late pledges and building a permanent online store.",yes,yes,2026-08-09,1,Article BreadcrumbList FAQPage WebPage,4,19,help.kickstarter.com help.shopify.com www.shopify.com
/guides/move-from-kickstarter-to-shopify,app/guides/move-from-kickstarter-to-shopify/page.tsx,editorial guide,Kickstarter to Shopify migration guide,funded creator building the store,consideration,/guides,Kickstarter to Shopify Migration Guide | Guildframe,"A practical Kickstarter to Shopify migration guide covering products, campaign content, operations, testing and storefront launch.",yes,yes,2026-08-09,1,Article BreadcrumbList FAQPage WebPage,29,19,help.shopify.com www.shopify.com
/guides/best-shopify-themes-for-board-games,app/guides/best-shopify-themes-for-board-games/page.tsx,editorial comparison,Best board game Shopify theme,creator choosing a theme foundation,consideration,/guides,6 Best Shopify Themes for Board Games in 2026 | Guildframe,"Compare six Shopify themes for board games and tabletop stores: Horizon, Novaplay, Playtime, Sunrise, Boost and Dawn.",yes,yes,2026-08-13,1,Article BreadcrumbList FAQPage WebPage,29,20,help.shopify.com themes.shopify.com
/guides/shopify-developer-vs-diy-theme,app/guides/shopify-developer-vs-diy-theme/page.tsx,editorial comparison,Shopify developer versus building it yourself,creator choosing who builds the store,decision support,/guides,Shopify Developer vs DIY Theme for Tabletop Brands | Guildframe,"Compare hiring a Shopify developer with building from a DIY theme. See the cost, time, control and best fit for a tabletop game store.",yes,yes,2026-08-09,1,Article BreadcrumbList FAQPage WebPage,5,18,help.shopify.com
/guides/kickstarter-late-pledges-vs-shopify,app/guides/kickstarter-late-pledges-vs-shopify/page.tsx,editorial comparison,Selling after Kickstarter,creator choosing a post campaign channel,consideration,/guides,Selling After Kickstarter: Late Pledges vs Shopify | Guildframe,"Compare late pledges, preorders and Shopify for selling after Kickstarter. Choose the right post campaign sales path without confusing backers.",yes,yes,2026-07-18,1,Article BreadcrumbList FAQPage WebPage,6,20,help.kickstarter.com help.shopify.com
/guides/backerkit-vs-shopify-vs-gamefound,app/guides/backerkit-vs-shopify-vs-gamefound/page.tsx,editorial comparison,BackerKit versus Shopify versus Gamefound,creator choosing a post campaign stack,consideration,/guides,BackerKit vs Shopify vs Gamefound After Crowdfunding | Guildframe,"Compare BackerKit vs Shopify vs Gamefound for tabletop crowdfunding, pledge management, preorders and permanent ecommerce.",yes,yes,2026-07-18,1,Article BreadcrumbList FAQPage WebPage,5,20,help.backerkit.com help.gamefound.com help.shopify.com www.backerkit.com www.shopify.com
/guides/kickstarter-to-shopify-launch-timeline,app/guides/kickstarter-to-shopify-launch-timeline/page.tsx,editorial guide,Kickstarter to Shopify timeline,funded creator planning a launch date,consideration,/guides,Kickstarter to Shopify Launch Timeline | Guildframe,"A practical Kickstarter to Shopify timeline covering campaign close, catalog preparation, fulfillment boundaries, store testing and launch.",yes,yes,2026-07-21,1,Article BreadcrumbList FAQPage WebPage,4,18,help.kickstarter.com help.shopify.com www.shopify.com
/guides/sell-board-game-preorders-on-shopify,app/guides/sell-board-game-preorders-on-shopify/page.tsx,editorial guide,Board game preorders on Shopify,creator opening preorders,implementation,/guides,How to Sell Board Game Preorders on Shopify | Guildframe,"Plan board game preorders on Shopify after crowdfunding with clear delivery dates, inventory rules, customer communication and campaign boundaries.",yes,yes,2026-07-17,1,Article BreadcrumbList FAQPage WebPage,5,19,help.kickstarter.com help.shopify.com
/guides/sell-board-game-expansions-add-ons-shopify,app/guides/sell-board-game-expansions-add-ons-shopify/page.tsx,editorial guide,Expansions and add ons on Shopify,creator structuring a catalog,implementation,/guides,Sell Board Game Expansions and Add ons on Shopify | Guildframe,"Structure core games, deluxe editions, expansions, add ons and bundles on Shopify without recreating confusing pledge tiers.",yes,yes,2026-07-17,1,Article BreadcrumbList FAQPage WebPage,5,18,help.shopify.com
/guides/selling-miniatures-internationally-vat-ioss,app/guides/selling-miniatures-internationally-vat-ioss/page.tsx,editorial guide,"International miniature sales, VAT and IOSS",miniature seller shipping cross border,implementation,/guides,Selling Miniatures Internationally: VAT and IOSS | Guildframe,"Plan international Shopify sales for miniatures, terrain and tabletop games with shipping zones, HS codes, EU VAT, IOSS, duties and clear delivery terms.",yes,yes,2026-07-23,1,Article BreadcrumbList FAQPage WebPage,29,18,europa.eu help.shopify.com webgate.acceptance.ec.europa.eu
/guides/how-much-does-a-board-game-website-cost,app/guides/how-much-does-a-board-game-website-cost/page.tsx,editorial guide,Board game website cost,creator budgeting a store,consideration,/guides,How Much Does a Board Game Website Cost? | Guildframe,"Calculate the real cost of a board game ecommerce website, including Shopify, themes, design, development, apps, product entry and ongoing support.",yes,yes,2026-08-09,1,Article BreadcrumbList FAQPage WebPage,29,18,help.shopify.com www.shopify.com
/guides/shopify-vs-etsy-for-selling-miniatures,app/guides/shopify-vs-etsy-for-selling-miniatures/page.tsx,editorial comparison,Shopify versus Etsy for miniatures,miniature seller choosing a channel,awareness to consideration,/guides,Shopify vs Etsy for Selling Miniatures | Guildframe,"Compare Shopify and Etsy for selling miniatures, terrain and tabletop accessories by discovery, fees, brand control, catalog structure and repeat customers.",yes,yes,2026-07-23,1,Article BreadcrumbList FAQPage WebPage,2,19,help.etsy.com www.shopify.com
/guides/build-a-tabletop-shopify-store-with-ai,app/guides/build-a-tabletop-shopify-store-with-ai/page.tsx,editorial guide,Build a tabletop Shopify store with AI,creator building the store themselves,awareness to consideration,/guides,Build a Tabletop Shopify Store With AI | Guildframe,"What AI coding tools can and cannot do when you build a board game, TTRPG or miniatures Shopify store, and the catalog decisions no model can make for you.",yes,yes,2026-08-09,1,Article BreadcrumbList FAQPage WebPage,30,21,github.com help.shopify.com shopify.dev www.shopify.com
/about,app/about/page.tsx,trust,About Guildframe,buyer or citing system verifying the company,trust,/,About Guildframe | Guildframe,"Learn why Guildframe designs and develops Shopify storefronts for board games, TTRPGs, miniatures and funded tabletop creators.",yes,yes,2026-08-13,1,AboutPage BreadcrumbList,30,17,
/editorial-policy,app/editorial-policy/page.tsx,trust,Guildframe editorial standards,buyer or citing system assessing credibility,trust,/,Editorial Policy | Guildframe,"How Guildframe researches, writes, reviews, updates and corrects its Shopify and tabletop ecommerce guidance.",yes,yes,2026-08-13,1,BreadcrumbList WebPage,30,17,
/authors/guildframe,app/authors/guildframe/page.tsx,trust author,Guildframe Editorial Team,citing system resolving authorship,trust,/,Guildframe Editorial Team | Guildframe,"Meet the Guildframe Editorial Team behind our Shopify, tabletop ecommerce and post-crowdfunding guides and references.",yes,yes,2026-08-13,1,BreadcrumbList ProfilePage,21,22,
/resources,app/resources/page.tsx,editorial hub,Tabletop ecommerce reference library,creator looking for a checklist or table,awareness,/,Tabletop Ecommerce Checklists and References | Guildframe,"Citable checklists and comparison tables for board game Shopify stores, product pages and Kickstarter to Shopify migration.",yes,yes,2026-08-09,1,BreadcrumbList CollectionPage ItemList TechArticle,30,21,
/resources/board-game-shopify-store-checklist,app/resources/board-game-shopify-store-checklist/page.tsx,reference checklist,Board game Shopify store checklist,creator auditing a store before launch,implementation,/resources,Board Game Shopify Store Checklist | Guildframe,"A complete board game Shopify store checklist covering products, theme setup, mobile UX, checkout, policies, SEO and launch testing.",yes,yes,2026-07-17,1,BreadcrumbList FAQPage TechArticle WebPage,4,19,developers.google.com help.shopify.com
/resources/kickstarter-to-shopify-migration-checklist,app/resources/kickstarter-to-shopify-migration-checklist/page.tsx,reference checklist,Kickstarter to Shopify migration checklist,creator executing a migration,implementation,/resources,Kickstarter to Shopify Migration Checklist | Guildframe,"A practical Kickstarter to Shopify migration checklist for tabletop creators, from reward tiers and campaign assets to testing and store launch.",yes,yes,2026-07-17,1,BreadcrumbList FAQPage TechArticle WebPage,3,19,help.kickstarter.com help.shopify.com www.shopify.com
/resources/backerkit-vs-shopify-vs-gamefound-comparison,app/resources/backerkit-vs-shopify-vs-gamefound-comparison/page.tsx,reference matrix,Tabletop crowdfunding platform role matrix,creator assigning platform responsibilities,implementation,/resources,Tabletop Crowdfunding Platform Role Matrix | Guildframe,"Map crowdfunding, pledge management and permanent ecommerce responsibilities across BackerKit, Shopify and Gamefound.",yes,yes,2026-07-18,1,BreadcrumbList FAQPage TechArticle WebPage,2,20,gamefound.com help.gamefound.com help.shopify.com www.backerkit.com
/resources/board-game-product-page-checklist,app/resources/board-game-product-page-checklist/page.tsx,reference checklist,Board game product page checklist,creator building product pages,implementation,/resources,Board Game Shopify Product Page Checklist | Guildframe,"A board game Shopify product page checklist for artwork, gameplay facts, editions, components, delivery clarity, mobile UX and structured data.",yes,yes,2026-07-17,1,BreadcrumbList FAQPage TechArticle WebPage,5,20,developers.google.com help.shopify.com www.shopify.com
/resources/kickstarter-tabletop-games-benchmark,app/resources/kickstarter-tabletop-games-benchmark/page.tsx,reference dataset,Kickstarter tabletop games statistics,"journalist, analyst or creator citing figures",authority,/resources,2024 Kickstarter Tabletop Games Funding Benchmark | Guildframe,"A source backed Kickstarter tabletop games benchmark with 2024 funding, success rate and top campaign data plus transparent calculations.",yes,yes,2026-07-17,1,BreadcrumbList DataDownload Dataset FAQPage TechArticle WebPage,29,17,updates.kickstarter.com www.shopify.com
/resources/tabletop-shopify-metafield-schema,app/resources/tabletop-shopify-metafield-schema/page.tsx,reference schema,Tabletop Shopify product data and metafields,creator or developer structuring product data,implementation,/resources,Tabletop Shopify Metafield Schema | Guildframe,"A reusable Shopify metafield schema for board games, TTRPGs and miniatures, covering player count, components, compatibility, scale, format and delivery.",yes,yes,2026-08-09,1,BreadcrumbList FAQPage TechArticle WebPage,2,20,help.shopify.com shopify.dev
