path,title,description,canonical,h1_count,reachable_from_home,images_with_alt_and_dimensions
/,Kickstarter Page Design for Tabletop Games | Guildframe,"Kickstarter and Gamefound page design for board games, card games, TTRPGs and miniatures. Copy and graphics for $975 USD. Get a free opening mockup.",https://guildframe.com,1,True,True
/buy,Book Your Campaign Design | Guildframe,Start your Guildframe campaign design enquiry. Kickstarter and Gamefound page design costs $975. Request a free mockup before booking your project.,https://guildframe.com/buy,1,True,True
/done-for-you-shopify-store,Shopify Store Planning After Your Campaign | Guildframe,"Plan a tabletop Shopify store after crowdfunding. Review your catalogue, artwork and operations, or explore Guildframe’s current campaign design service.",https://guildframe.com/done-for-you-shopify-store,1,True,True
/shopify-theme-for-board-games,Shopify Theme and Store Setup for Board Games | Guildframe,"Plan a board game Shopify store after crowdfunding. Organise core games, editions, expansions and bundles, then review the buying path before launch.",https://guildframe.com/shopify-theme-for-board-games,1,True,True
/kickstarter-to-shopify,Kickstarter to Shopify for Funded Tabletop Games | Guildframe,"Turn a funded tabletop campaign into a permanent Shopify store. Plan late pledges, BackerKit or Gamefound handoff, preorders, shipping, EU VAT and IOSS.",https://guildframe.com/kickstarter-to-shopify,1,True,True
/shopify-theme-for-ttrpg,Shopify Store and Theme Setup for TTRPG Publishers | Guildframe,"Plan a TTRPG Shopify store for books, PDFs, adventures and supplements. Organise formats, compatibility and product information after your campaign.",https://guildframe.com/shopify-theme-for-ttrpg,1,True,True
/shopify-theme-for-miniatures,Shopify Store and Theme Setup for Miniatures | Guildframe,"Plan a miniatures Shopify store for physical models, STL files and terrain. Make scale, variants and delivery information clear after crowdfunding.",https://guildframe.com/shopify-theme-for-miniatures,1,True,True
/guides,Kickstarter Page Design & Launch Guides | Guildframe,"Practical launch guides for tabletop Kickstarter and Gamefound campaigns. Plan design costs, artwork, reward graphics and a campaign page ready for backers.",https://guildframe.com/guides,1,True,True
/guides/what-happens-after-kickstarter-is-funded,What Happens After Your Kickstarter Is Funded? | Guildframe,"What happens after a Kickstarter is funded: payment collection, backer data, fulfillment, late pledges and building a permanent online store.",https://guildframe.com/guides/what-happens-after-kickstarter-is-funded,1,True,True
/guides/move-from-kickstarter-to-shopify,Kickstarter to Shopify Migration Guide | Guildframe,"A practical Kickstarter to Shopify migration guide covering products, campaign content, operations, testing and storefront launch.",https://guildframe.com/guides/move-from-kickstarter-to-shopify,1,True,True
/guides/best-shopify-themes-for-board-games,6 Best Shopify Themes for Board Games in 2026 | Guildframe,"Compare six Shopify themes for board games and tabletop stores: Horizon, Novaplay, Playtime, Sunrise, Boost and Dawn.",https://guildframe.com/guides/best-shopify-themes-for-board-games,1,True,True
/guides/shopify-developer-vs-diy-theme,Shopify Developer vs DIY Theme | Guildframe,"Compare hiring a Shopify developer with building from a DIY theme. See the cost, time, control and best fit for a tabletop game store.",https://guildframe.com/guides/shopify-developer-vs-diy-theme,1,True,True
/guides/kickstarter-late-pledges-vs-shopify,Selling After Kickstarter: Late Pledges vs Shopify | Guildframe,"Compare late pledges, preorders and Shopify for selling after Kickstarter. Choose the right post campaign sales path without confusing backers.",https://guildframe.com/guides/kickstarter-late-pledges-vs-shopify,1,True,True
/guides/backerkit-vs-shopify-vs-gamefound,BackerKit vs Shopify vs Gamefound | Guildframe,"Compare BackerKit vs Shopify vs Gamefound for tabletop crowdfunding, pledge management, preorders and permanent ecommerce.",https://guildframe.com/guides/backerkit-vs-shopify-vs-gamefound,1,True,True
/guides/kickstarter-to-shopify-launch-timeline,Kickstarter to Shopify Launch Timeline | Guildframe,"A practical Kickstarter to Shopify timeline covering campaign close, catalog preparation, fulfillment boundaries, store testing and launch.",https://guildframe.com/guides/kickstarter-to-shopify-launch-timeline,1,True,True
/guides/sell-board-game-preorders-on-shopify,How to Sell Board Game Preorders on Shopify | Guildframe,"Plan board game preorders on Shopify after crowdfunding with clear delivery dates, inventory rules, customer communication and campaign boundaries.",https://guildframe.com/guides/sell-board-game-preorders-on-shopify,1,True,True
/guides/sell-board-game-expansions-add-ons-shopify,Board Game Expansions & Bundles on Shopify | Guildframe,"Structure core games, deluxe editions, expansions, add ons and bundles on Shopify without recreating confusing pledge tiers.",https://guildframe.com/guides/sell-board-game-expansions-add-ons-shopify,1,True,True
/guides/selling-miniatures-internationally-vat-ioss,Selling Miniatures Internationally: VAT and IOSS | Guildframe,"Plan international Shopify sales for miniatures, terrain and tabletop games with shipping zones, HS codes, EU VAT, IOSS, duties and clear delivery terms.",https://guildframe.com/guides/selling-miniatures-internationally-vat-ioss,1,True,True
/guides/how-much-does-a-board-game-website-cost,How Much Does a Board Game Website Cost? | Guildframe,"Calculate the real cost of a board game ecommerce website, including Shopify, themes, design, development, apps, product entry and ongoing support.",https://guildframe.com/guides/how-much-does-a-board-game-website-cost,1,True,True
/guides/shopify-vs-etsy-for-selling-miniatures,Shopify vs Etsy for Selling Miniatures | Guildframe,"Compare Shopify and Etsy for selling miniatures, terrain and tabletop accessories by discovery, fees, brand control, catalog structure and repeat customers.",https://guildframe.com/guides/shopify-vs-etsy-for-selling-miniatures,1,True,True
/guides/build-a-tabletop-shopify-store-with-ai,Build a Tabletop Shopify Store With AI | Guildframe,"What AI coding tools can and cannot do when you build a board game, TTRPG or miniatures Shopify store, and the catalog decisions no model can make for you.",https://guildframe.com/guides/build-a-tabletop-shopify-store-with-ai,1,True,True
/about,About Guildframe | Guildframe,"Guildframe is Umair’s design studio for tabletop Kickstarter and Gamefound campaigns. Board games, card games, RPGs, miniatures, dice and accessories.",https://guildframe.com/about,1,True,True
/editorial-policy,Editorial Policy | Guildframe,"How Guildframe researches, writes, reviews, updates and corrects its campaign design and tabletop launch guidance.",https://guildframe.com/editorial-policy,1,True,True
/authors/guildframe,Umair: Campaign Designer & Guide Author | Guildframe,"Meet Umair, the designer behind Guildframe’s $975 Kickstarter and Gamefound page design. Read his guides on campaign copy, graphics and launch preparation.",https://guildframe.com/authors/guildframe,1,True,True
/resources,Tabletop Campaign Checklists & Crowdfunding Resources | Guildframe,"Plan your tabletop Kickstarter with a campaign worksheet, launch checklists and funding data. Find store and migration references for after funding.",https://guildframe.com/resources,1,True,True
/resources/tabletop-campaign-launch-worksheet,Tabletop Campaign Launch Worksheet | Guildframe,"Collect your game facts, artwork, rewards, shipping plan and final campaign checks in one reusable Kickstarter or Gamefound worksheet.",https://guildframe.com/resources/tabletop-campaign-launch-worksheet,1,True,True
/resources/board-game-shopify-store-checklist,Board Game Shopify Store Checklist | Guildframe,"A complete board game Shopify store checklist covering products, theme setup, mobile UX, checkout, policies, SEO and launch testing.",https://guildframe.com/resources/board-game-shopify-store-checklist,1,True,True
/resources/kickstarter-to-shopify-migration-checklist,Kickstarter to Shopify Migration Checklist | Guildframe,"A practical Kickstarter to Shopify migration checklist for tabletop creators, from reward tiers and campaign assets to testing and store launch.",https://guildframe.com/resources/kickstarter-to-shopify-migration-checklist,1,True,True
/resources/backerkit-vs-shopify-vs-gamefound-comparison,Tabletop Crowdfunding Platform Role Matrix | Guildframe,"Map crowdfunding, pledge management and permanent ecommerce responsibilities across BackerKit, Shopify and Gamefound.",https://guildframe.com/resources/backerkit-vs-shopify-vs-gamefound-comparison,1,True,True
/resources/board-game-product-page-checklist,Board Game Shopify Product Page Checklist | Guildframe,"A board game Shopify product page checklist for artwork, gameplay facts, editions, components, delivery clarity, mobile UX and structured data.",https://guildframe.com/resources/board-game-product-page-checklist,1,True,True
/resources/kickstarter-tabletop-games-benchmark,2024 Kickstarter Tabletop Games Funding Benchmark | Guildframe,"A source backed Kickstarter tabletop games benchmark with 2024 funding, success rate and top campaign data plus transparent calculations.",https://guildframe.com/resources/kickstarter-tabletop-games-benchmark,1,True,True
/resources/tabletop-shopify-metafield-schema,Tabletop Shopify Metafield Schema | Guildframe,"A reusable Shopify metafield schema for board games, TTRPGs and miniatures, covering player count, components, compatibility, scale, format and delivery.",https://guildframe.com/resources/tabletop-shopify-metafield-schema,1,True,True
/campaign-design,Kickstarter Campaign Designer: Copy & Graphics | Guildframe,"Campaign page design for Kickstarter and Gamefound. Get tabletop campaign copy, graphics and reward layouts for $975. Request a free mockup.",https://guildframe.com/campaign-design,1,True,True
/gamefound-campaign-design,Gamefound Page Design for Tabletop Games | Guildframe,"Gamefound page design for board games, RPGs and miniatures. Campaign copy, section graphics and reward comparisons for $975. Free opening mockup.",https://guildframe.com/gamefound-campaign-design,1,True,True
/board-game-kickstarter-campaign-design,Board Game Kickstarter Page Design | Guildframe,"Board game Kickstarter campaign design for strategy, family, party and solo games. Campaign copy, components and reward graphics for $975. Free mockup.",https://guildframe.com/board-game-kickstarter-campaign-design,1,True,True
/card-game-kickstarter-campaign-design,Card Game & TCG Kickstarter Page Design | Guildframe,"Kickstarter campaign design for card games and TCGs. Show gameplay, sample cards and reward contents clearly. $975 campaign design, with a free mockup.",https://guildframe.com/card-game-kickstarter-campaign-design,1,True,True
/ttrpg-kickstarter-campaign-design,TTRPG Kickstarter Page Design | Guildframe,"TTRPG Kickstarter campaign design for rulebooks, adventures and zines. Show your world, sample spreads and PDF or print rewards. $975 with a free mockup.",https://guildframe.com/ttrpg-kickstarter-campaign-design,1,True,True
/miniatures-kickstarter-campaign-design,Miniatures & Terrain Kickstarter Page Design | Guildframe,"Kickstarter campaign design for miniatures and terrain. Present scales, sculpts, physical sets and STL rewards clearly. $975, with a free mockup.",https://guildframe.com/miniatures-kickstarter-campaign-design,1,True,True
/tabletop-accessories-campaign-design,Tabletop Accessories Kickstarter Page Design | Guildframe,"Campaign design for dice, trays, sleeves and tabletop accessories. Show materials, fit and bundle contents clearly. $975. Request a free mockup.",https://guildframe.com/tabletop-accessories-campaign-design,1,True,True
/guides/kickstarter-prelaunch-page-guide,Kickstarter Prelaunch Page Guide for Tabletop Games | Guildframe,"Plan your tabletop Kickstarter prelaunch page, understand how it differs from a preview link and check what followers see on mobile.",https://guildframe.com/guides/kickstarter-prelaunch-page-guide,1,True,True
/guides/board-game-kickstarter-gameplay-rulebook,Board Game Kickstarter Gameplay & Rulebook Guide | Guildframe,"Show a sample turn, explain player decisions and link your rulebook or playthrough so a new backer can understand your board game.",https://guildframe.com/guides/board-game-kickstarter-gameplay-rulebook,1,True,True
/guides/kickstarter-campaign-video-planning,Kickstarter Video Requirements & Tabletop Video Planning | Guildframe,"Separate your main campaign video, optional vertical Discovery Mode clip and gameplay demo. Check the requirements before briefing a tabletop video.",https://guildframe.com/guides/kickstarter-campaign-video-planning,1,True,True
/guides/kickstarter-stretch-goals-planning,Kickstarter Stretch Goals for Board Games: Planning Guide | Guildframe,"Plan tabletop stretch goals with clear unlock conditions, eligible rewards and production checks. Compare them with add-ons and Gamefound's native goals.",https://guildframe.com/guides/kickstarter-stretch-goals-planning,1,True,True
/guides/kickstarter-shipping-delivery-page,Kickstarter Shipping Costs & Delivery: Creator Page Guide | Guildframe,"Write a clear shipping section for a tabletop campaign: collection timing, regional estimates, reward delivery dates and the information backers need.",https://guildframe.com/guides/kickstarter-shipping-delivery-page,1,True,True
/guides/kickstarter-prototype-risks-disclosure,Kickstarter Prototype Images & Risks for Tabletop Creators | Guildframe,"Label tabletop prototypes, renders and production samples accurately. Write specific risks and check the rules for your actual Kickstarter category.",https://guildframe.com/guides/kickstarter-prototype-risks-disclosure,1,True,True
/guides/kickstarter-review-launch-timeline,Kickstarter Review Time & Launch Timeline for Game Creators | Guildframe,"Plan Kickstarter review, possible revisions, prelaunch sharing and the manual launch action. Keep platform approval separate from design delivery.",https://guildframe.com/guides/kickstarter-review-launch-timeline,1,True,True
/guides/gamefound-launch-page-checklist,Gamefound Launch Page Checklist & Tester Mode Guide | Guildframe,"Check Gamefound stage descriptions, published rewards, shipping details and Tester Mode before your tabletop campaign opens to backers.",https://guildframe.com/guides/gamefound-launch-page-checklist,1,True,True
/guides/card-game-kickstarter-launch-guide,Card Game & TCG Kickstarter Launch Page Guide | Guildframe,"Prepare a card game or TCG Kickstarter page with readable sample cards, a clear gameplay explanation and exact deck and reward contents.",https://guildframe.com/guides/card-game-kickstarter-launch-guide,1,True,True
/guides/miniatures-stl-kickstarter-launch-guide,Miniatures & STL Kickstarter Launch Page Guide | Guildframe,"Present physical miniatures, terrain and STL rewards clearly. Label renders and test prints, explain scale and separate file delivery from shipping.",https://guildframe.com/guides/miniatures-stl-kickstarter-launch-guide,1,True,True
/guides/board-game-kickstarter-campaign-design-cost,Kickstarter Page Design Cost: $975 Copy & Graphics | Guildframe,"Guildframe charges $975 USD for Kickstarter or Gamefound page design, including campaign copy and graphics. See the scope and request a free opening mockup.",https://guildframe.com/guides/board-game-kickstarter-campaign-design-cost,1,True,True
/guides/board-game-kickstarter-page-checklist,Board Game Kickstarter Page Checklist | Guildframe,"Check your board game Kickstarter page before launch: gameplay, box contents, rewards, shipping information and mobile readability.",https://guildframe.com/guides/board-game-kickstarter-page-checklist,1,True,True
/guides/what-to-send-kickstarter-campaign-designer,What to Send Your Kickstarter Campaign Designer | Guildframe,"Send your Kickstarter designer the game summary, artwork, reward contents and launch plans. Use this checklist to prepare the brief.",https://guildframe.com/guides/what-to-send-kickstarter-campaign-designer,1,True,True
/guides/kickstarter-reward-tier-graphics,Kickstarter Reward Tier Graphics for Board Games | Guildframe,"Design Kickstarter reward graphics that show the contents of each tier. Compare board game editions, card decks, RPG books and optional extras.",https://guildframe.com/guides/kickstarter-reward-tier-graphics,1,True,True
/guides/ttrpg-kickstarter-campaign-page-design,How to Design a TTRPG Kickstarter Campaign Page | Guildframe,"Build a TTRPG Kickstarter page that explains the game, shows sample spreads and separates PDF and print rewards. A practical guide for RPG creators.",https://guildframe.com/guides/ttrpg-kickstarter-campaign-page-design,1,True,True
/guides/kickstarter-vs-gamefound-campaign-page-design,Kickstarter vs Gamefound: Page Design | Guildframe,"Compare Kickstarter and Gamefound story sections, reward layouts and preview tools. Prepare campaign copy and graphics for the platform you choose.",https://guildframe.com/guides/kickstarter-vs-gamefound-campaign-page-design,1,True,True
/guides/kickstarter-campaign-graphics-mobile-readability,Kickstarter Image Sizes & Mobile Graphics | Guildframe,"Check Kickstarter image size, file formats and mobile readability. Make campaign graphics and reward comparisons readable without zooming.",https://guildframe.com/guides/kickstarter-campaign-graphics-mobile-readability,1,True,True
/guides/when-to-hire-kickstarter-campaign-designer,When to Hire a Kickstarter Campaign Designer | Guildframe,"Contact a Kickstarter page designer once your game summary and usable artwork are ready. Plan assets, rewards and review time before launch.",https://guildframe.com/guides/when-to-hire-kickstarter-campaign-designer,1,True,True
