canonical_url,primary_query_target,intent,evidence_status,title,description,next_step,google_monthly_volume,google_cpc
https://guildframe.com/,kickstarter marketing agency for board games,Creator hiring project help,Editorial intent target; demand not estimated,Kickstarter Agency for Board Games & Tabletop | Guildframe,"Kickstarter and Gamefound launch services for board games, card games, RPGs and miniatures. Planning, prelaunch, campaign design, paid ads and launch support.",Scoped project enquiry,Unavailable: planner blocked,Unavailable: planner blocked
https://guildframe.com/buy,kickstarter launch project quote,Creator hiring project help,Editorial intent target; demand not estimated,Start Your Tabletop Launch Project | Guildframe,"Discuss your Kickstarter or Gamefound project with Guildframe. Agree the launch services, fees and schedule, or request a free opening campaign mockup.",Scoped project enquiry,Unavailable: planner blocked,Unavailable: planner blocked
https://guildframe.com/done-for-you-shopify-store,tabletop shopify store setup after crowdfunding,Creator hiring project help,Editorial intent target; demand not estimated,Shopify Store Planning After Your Campaign | Guildframe,"Plan a tabletop Shopify store after crowdfunding. Review your catalogue, artwork and operations, or explore Guildframe’s current campaign design service.",Scoped project enquiry,Unavailable: planner blocked,Unavailable: planner blocked
https://guildframe.com/shopify-theme-for-board-games,shopify theme for board games,Creator hiring project help,Editorial intent target; demand not estimated,Shopify Theme and Store Setup for Board Games | Guildframe,"Plan a board game Shopify store after crowdfunding. Organise core games, editions, expansions and bundles, then review the buying path before launch.",Scoped project enquiry,Unavailable: planner blocked,Unavailable: planner blocked
https://guildframe.com/kickstarter-to-shopify,kickstarter to shopify,Creator hiring project help,Editorial intent target; demand not estimated,Kickstarter to Shopify for Funded Tabletop Games | Guildframe,"Turn a funded tabletop campaign into a permanent Shopify store. Plan late pledges, BackerKit or Gamefound handoff, preorders, shipping, EU VAT and IOSS.",Scoped project enquiry,Unavailable: planner blocked,Unavailable: planner blocked
https://guildframe.com/shopify-theme-for-ttrpg,shopify store for ttrpg publishers,Creator hiring project help,Editorial intent target; demand not estimated,Shopify Store and Theme Setup for TTRPG Publishers | Guildframe,"Plan a TTRPG Shopify store for books, PDFs, adventures and supplements. Organise formats, compatibility and product information after your campaign.",Scoped project enquiry,Unavailable: planner blocked,Unavailable: planner blocked
https://guildframe.com/shopify-theme-for-miniatures,shopify store for miniatures,Creator hiring project help,Editorial intent target; demand not estimated,Shopify Store and Theme Setup for Miniatures | Guildframe,"Plan a miniatures Shopify store for physical models, STL files and terrain. Make scale, variants and delivery information clear after crowdfunding.",Scoped project enquiry,Unavailable: planner blocked,Unavailable: planner blocked
https://guildframe.com/guides,tabletop kickstarter launch guides,Creator browsing launch guides,Editorial intent target; demand not estimated,"Kickstarter Marketing, Design & Launch Guides | Guildframe","Practical Kickstarter and Gamefound launch guides for tabletop creators. Plan prelaunch email, ad budgets, campaign design, rewards and backer updates.",Scoped project enquiry,Unavailable: planner blocked,Unavailable: planner blocked
https://guildframe.com/guides/what-happens-after-kickstarter-is-funded,what happens after kickstarter is funded,Creator solving a launch or post-funding task,Editorial intent target; demand not estimated,What Happens After Your Kickstarter Is Funded? | Guildframe,"What happens after a Kickstarter is funded: payment collection, backer data, fulfillment, late pledges and building a permanent online store.",Relevant service plus related guides,Unavailable: planner blocked,Unavailable: planner blocked
https://guildframe.com/guides/move-from-kickstarter-to-shopify,move from kickstarter to shopify,Creator solving a launch or post-funding task,Editorial intent target; demand not estimated,Kickstarter to Shopify Migration Guide | Guildframe,"A practical Kickstarter to Shopify migration guide covering products, campaign content, operations, testing and storefront launch.",Relevant service plus related guides,Unavailable: planner blocked,Unavailable: planner blocked
https://guildframe.com/guides/best-shopify-themes-for-board-games,best shopify themes for board games,Creator solving a launch or post-funding task,Editorial intent target; demand not estimated,6 Best Shopify Themes for Board Games in 2026 | Guildframe,"Compare six Shopify themes for board games and tabletop stores: Horizon, Novaplay, Playtime, Sunrise, Boost and Dawn.",Relevant service plus related guides,Unavailable: planner blocked,Unavailable: planner blocked
https://guildframe.com/guides/shopify-developer-vs-diy-theme,shopify developer vs diy theme for tabletop games,Creator solving a launch or post-funding task,Editorial intent target; demand not estimated,Shopify Developer vs DIY Theme | Guildframe,"Compare hiring a Shopify developer with building from a DIY theme. See the cost, time, control and best fit for a tabletop game store.",Relevant service plus related guides,Unavailable: planner blocked,Unavailable: planner blocked
https://guildframe.com/guides/kickstarter-late-pledges-vs-shopify,kickstarter late pledges vs shopify,Creator solving a launch or post-funding task,Editorial intent target; demand not estimated,Selling After Kickstarter: Late Pledges vs Shopify | Guildframe,"Compare late pledges, preorders and Shopify for selling after Kickstarter. Choose the right post campaign sales path without confusing backers.",Relevant service plus related guides,Unavailable: planner blocked,Unavailable: planner blocked
https://guildframe.com/guides/backerkit-vs-shopify-vs-gamefound,backerkit vs shopify vs gamefound,Creator solving a launch or post-funding task,Editorial intent target; demand not estimated,BackerKit vs Shopify vs Gamefound | Guildframe,"Compare BackerKit vs Shopify vs Gamefound for tabletop crowdfunding, pledge management, preorders and permanent ecommerce.",Relevant service plus related guides,Unavailable: planner blocked,Unavailable: planner blocked
https://guildframe.com/guides/kickstarter-to-shopify-launch-timeline,kickstarter to shopify launch timeline,Creator solving a launch or post-funding task,Editorial intent target; demand not estimated,Kickstarter to Shopify Launch Timeline | Guildframe,"A practical Kickstarter to Shopify timeline covering campaign close, catalog preparation, fulfillment boundaries, store testing and launch.",Relevant service plus related guides,Unavailable: planner blocked,Unavailable: planner blocked
https://guildframe.com/guides/sell-board-game-preorders-on-shopify,sell board game preorders on shopify,Creator solving a launch or post-funding task,Editorial intent target; demand not estimated,How to Sell Board Game Preorders on Shopify | Guildframe,"Plan board game preorders on Shopify after crowdfunding with clear delivery dates, inventory rules, customer communication and campaign boundaries.",Relevant service plus related guides,Unavailable: planner blocked,Unavailable: planner blocked
https://guildframe.com/guides/sell-board-game-expansions-add-ons-shopify,sell board game expansions on shopify,Creator solving a launch or post-funding task,Editorial intent target; demand not estimated,Board Game Expansions & Bundles on Shopify | Guildframe,"Structure core games, deluxe editions, expansions, add ons and bundles on Shopify without recreating confusing pledge tiers.",Relevant service plus related guides,Unavailable: planner blocked,Unavailable: planner blocked
https://guildframe.com/guides/selling-miniatures-internationally-vat-ioss,selling miniatures internationally vat ioss,Creator solving a launch or post-funding task,Editorial intent target; demand not estimated,Selling Miniatures Internationally: VAT and IOSS | Guildframe,"Plan international Shopify sales for miniatures, terrain and tabletop games with shipping zones, HS codes, EU VAT, IOSS, duties and clear delivery terms.",Relevant service plus related guides,Unavailable: planner blocked,Unavailable: planner blocked
https://guildframe.com/guides/how-much-does-a-board-game-website-cost,how much does a board game website cost,Creator solving a launch or post-funding task,Editorial intent target; demand not estimated,How Much Does a Board Game Website Cost? | Guildframe,"Calculate the real cost of a board game ecommerce website, including Shopify, themes, design, development, apps, product entry and ongoing support.",Relevant service plus related guides,Unavailable: planner blocked,Unavailable: planner blocked
https://guildframe.com/guides/shopify-vs-etsy-for-selling-miniatures,shopify vs etsy for miniatures,Creator solving a launch or post-funding task,Editorial intent target; demand not estimated,Shopify vs Etsy for Selling Miniatures | Guildframe,"Compare Shopify and Etsy for selling miniatures, terrain and tabletop accessories by discovery, fees, brand control, catalog structure and repeat customers.",Relevant service plus related guides,Unavailable: planner blocked,Unavailable: planner blocked
https://guildframe.com/guides/build-a-tabletop-shopify-store-with-ai,build a tabletop shopify store with ai,Creator solving a launch or post-funding task,Editorial intent target; demand not estimated,Build a Tabletop Shopify Store With AI | Guildframe,"What AI coding tools can and cannot do when you build a board game, TTRPG or miniatures Shopify store, and the catalog decisions no model can make for you.",Relevant service plus related guides,Unavailable: planner blocked,Unavailable: planner blocked
https://guildframe.com/about,guildframe launch studio,Company and author verification,Editorial intent target; demand not estimated,About Guildframe | Guildframe,"Meet Umair, the designer and paid advertising specialist behind Guildframe. Kickstarter and Gamefound launch services for games, RPGs and miniatures.",Scoped project enquiry,Unavailable: planner blocked,Unavailable: planner blocked
https://guildframe.com/editorial-policy,guildframe editorial policy,Company and author verification,Editorial intent target; demand not estimated,Editorial Policy | Guildframe,"How Guildframe researches, writes, reviews, updates and corrects its marketing, campaign design and tabletop launch guidance.",Scoped project enquiry,Unavailable: planner blocked,Unavailable: planner blocked
https://guildframe.com/authors/guildframe,umair guildframe campaign designer,Company and author verification,Editorial intent target; demand not estimated,Umair: Campaign Designer & Guide Author | Guildframe,"Meet Umair, Guildframe’s founder, campaign designer and paid advertising specialist. Read his practical tabletop crowdfunding and launch guides.",Scoped project enquiry,Unavailable: planner blocked,Unavailable: planner blocked
https://guildframe.com/resources,tabletop campaign checklists,Creator using a planning resource,Editorial intent target; demand not estimated,Tabletop Campaign Checklists & Crowdfunding Resources | Guildframe,"Plan your tabletop Kickstarter with a campaign worksheet, launch checklists and funding data. Find store and migration references for after funding.",Source material plus scoped service enquiry,Unavailable: planner blocked,Unavailable: planner blocked
https://guildframe.com/resources/tabletop-campaign-launch-worksheet,tabletop campaign launch worksheet,Creator using a planning resource,Editorial intent target; demand not estimated,Tabletop Campaign Launch Worksheet | Guildframe,"Collect your game facts, artwork, rewards, shipping plan and final campaign checks in one reusable Kickstarter or Gamefound worksheet.",Source material plus scoped service enquiry,Unavailable: planner blocked,Unavailable: planner blocked
https://guildframe.com/resources/board-game-shopify-store-checklist,board game shopify store checklist,Creator using a planning resource,Editorial intent target; demand not estimated,Board Game Shopify Store Checklist | Guildframe,"A complete board game Shopify store checklist covering products, theme setup, mobile UX, checkout, policies, SEO and launch testing.",Source material plus scoped service enquiry,Unavailable: planner blocked,Unavailable: planner blocked
https://guildframe.com/resources/kickstarter-to-shopify-migration-checklist,kickstarter to shopify migration checklist,Creator using a planning resource,Editorial intent target; demand not estimated,Kickstarter to Shopify Migration Checklist | Guildframe,"A practical Kickstarter to Shopify migration checklist for tabletop creators, from reward tiers and campaign assets to testing and store launch.",Source material plus scoped service enquiry,Unavailable: planner blocked,Unavailable: planner blocked
https://guildframe.com/resources/backerkit-vs-shopify-vs-gamefound-comparison,tabletop crowdfunding platform role matrix,Creator using a planning resource,Editorial intent target; demand not estimated,Tabletop Crowdfunding Platform Role Matrix | Guildframe,"Map crowdfunding, pledge management and permanent ecommerce responsibilities across BackerKit, Shopify and Gamefound.",Source material plus scoped service enquiry,Unavailable: planner blocked,Unavailable: planner blocked
https://guildframe.com/resources/board-game-product-page-checklist,board game shopify product page checklist,Creator using a planning resource,Editorial intent target; demand not estimated,Board Game Shopify Product Page Checklist | Guildframe,"A board game Shopify product page checklist for artwork, gameplay facts, editions, components, delivery clarity, mobile UX and structured data.",Source material plus scoped service enquiry,Unavailable: planner blocked,Unavailable: planner blocked
https://guildframe.com/resources/kickstarter-tabletop-games-benchmark,2024 kickstarter tabletop games funding benchmark,Creator using a planning resource,Editorial intent target; demand not estimated,2024 Kickstarter Tabletop Games Funding Benchmark | Guildframe,"A source backed Kickstarter tabletop games benchmark with 2024 funding, success rate and top campaign data plus transparent calculations.",Source material plus scoped service enquiry,Unavailable: planner blocked,Unavailable: planner blocked
https://guildframe.com/resources/tabletop-shopify-metafield-schema,tabletop shopify metafield schema,Creator using a planning resource,Editorial intent target; demand not estimated,Tabletop Shopify Metafield Schema | Guildframe,"A reusable Shopify metafield schema for board games, TTRPGs and miniatures, covering player count, components, compatibility, scale, format and delivery.",Source material plus scoped service enquiry,Unavailable: planner blocked,Unavailable: planner blocked
https://guildframe.com/campaign-design,kickstarter campaign design service,Creator hiring project help,Editorial intent target; demand not estimated,Kickstarter Campaign Designer: Copy & Graphics | Guildframe,"Campaign page design for Kickstarter and Gamefound. Get tabletop campaign copy, graphics and reward layouts. Request a free mockup.",Scoped project enquiry,Unavailable: planner blocked,Unavailable: planner blocked
https://guildframe.com/gamefound-campaign-design,gamefound campaign page design,Creator hiring project help,Editorial intent target; demand not estimated,Gamefound Page Design for Tabletop Games | Guildframe,"Gamefound page design for board games, RPGs and miniatures. Campaign copy, section graphics and reward comparisons. Free opening mockup.",Scoped project enquiry,Unavailable: planner blocked,Unavailable: planner blocked
https://guildframe.com/kickstarter-launch-services,kickstarter launch services for board games,Creator hiring project help,Editorial task hypothesis; owner-approved service scope,Kickstarter Launch Services for Tabletop Games | Guildframe,"Plan and launch your tabletop Kickstarter with Guildframe. Prelaunch pages, campaign design, email, paid advertising and campaign management in one scope.",Scoped project enquiry,Unavailable: planner blocked,Unavailable: planner blocked
https://guildframe.com/kickstarter-prelaunch-marketing,kickstarter prelaunch marketing service,Creator hiring project help,Editorial task hypothesis; owner-approved service scope,Kickstarter Prelaunch Marketing for Board Games | Guildframe,"Prepare your board game Kickstarter audience with a landing page, signup flow, email sequence, tracking and paid creative tests. Get a scoped proposal.",Scoped project enquiry,Unavailable: planner blocked,Unavailable: planner blocked
https://guildframe.com/kickstarter-advertising,board game kickstarter advertising agency,Creator hiring project help,Editorial task hypothesis; owner-approved service scope,Kickstarter Advertising for Board Games & TTRPGs | Guildframe,"Guildframe manages paid advertising for tabletop Kickstarter campaigns. Get creative tests, tracking, budget controls and reporting on spend and pledges.",Scoped project enquiry,Unavailable: planner blocked,Unavailable: planner blocked
https://guildframe.com/kickstarter-campaign-management,kickstarter campaign management service,Creator hiring project help,Editorial task hypothesis; owner-approved service scope,Kickstarter Campaign Management for Tabletop Games | Guildframe,"Get tabletop Kickstarter launch checks, emails, backer updates, FAQ maintenance and creative support. Agree your campaign support period with Guildframe.",Scoped project enquiry,Unavailable: planner blocked,Unavailable: planner blocked
https://guildframe.com/gamefound-launch-services,gamefound marketing agency,Creator hiring project help,Editorial task hypothesis; owner-approved service scope,Gamefound Launch Services for Tabletop Creators | Guildframe,"Prepare a tabletop Gamefound launch with campaign creative, prelaunch email, paid advertising and live support. Get a platform-specific scope from Guildframe.",Scoped project enquiry,Unavailable: planner blocked,Unavailable: planner blocked
https://guildframe.com/post-campaign-support,kickstarter pledge manager setup help,Creator hiring project help,Editorial task hypothesis; owner-approved service scope,Post Campaign Support for Funded Tabletop Games | Guildframe,"Plan your tabletop campaign handoff with backer updates, pledge manager content, late pledge assets and optional storefront setup. Scope it with Guildframe.",Scoped project enquiry,Unavailable: planner blocked,Unavailable: planner blocked
https://guildframe.com/board-game-kickstarter-campaign-design,board game kickstarter page design,Creator hiring project help,Editorial intent target; demand not estimated,Board Game Kickstarter Page Design | Guildframe,"Board game Kickstarter campaign design for strategy, family, party and solo games. Campaign copy, components and reward graphics. Free mockup.",Scoped project enquiry,Unavailable: planner blocked,Unavailable: planner blocked
https://guildframe.com/card-game-kickstarter-campaign-design,card game kickstarter campaign design,Creator hiring project help,Editorial intent target; demand not estimated,Card Game & TCG Kickstarter Page Design | Guildframe,"Kickstarter campaign design for card games and TCGs. Show gameplay, sample cards and reward contents clearly. Campaign creative, with a free opening mockup.",Scoped project enquiry,Unavailable: planner blocked,Unavailable: planner blocked
https://guildframe.com/ttrpg-kickstarter-campaign-design,ttrpg kickstarter campaign design,Creator hiring project help,Editorial intent target; demand not estimated,TTRPG Kickstarter Page Design | Guildframe,"TTRPG Kickstarter campaign design for rulebooks, adventures and zines. Show your world, sample spreads and PDF or print rewards. Free opening mockup.",Scoped project enquiry,Unavailable: planner blocked,Unavailable: planner blocked
https://guildframe.com/miniatures-kickstarter-campaign-design,miniatures kickstarter campaign design,Creator hiring project help,Editorial intent target; demand not estimated,Miniatures & Terrain Kickstarter Page Design | Guildframe,"Kickstarter campaign design for miniatures and terrain. Present scales, sculpts, physical sets and STL rewards clearly. Free opening mockup.",Scoped project enquiry,Unavailable: planner blocked,Unavailable: planner blocked
https://guildframe.com/tabletop-accessories-campaign-design,tabletop accessories crowdfunding campaign design,Creator hiring project help,Editorial intent target; demand not estimated,Tabletop Accessories Kickstarter Page Design | Guildframe,"Campaign design for dice, trays, sleeves and tabletop accessories. Show materials, fit and bundle contents clearly. Request a free mockup.",Scoped project enquiry,Unavailable: planner blocked,Unavailable: planner blocked
https://guildframe.com/guides/choose-board-game-kickstarter-marketing-agency,how to choose a board game kickstarter marketing agency,Creator solving a launch or post-funding task,Editorial intent target; demand not estimated,Board Game Kickstarter Marketing Agency: Costs & Hiring | Guildframe,"Compare tabletop Kickstarter agencies by work included, fees, ad spend, relevant projects and account ownership. Use these questions before signing.",Relevant service plus related guides,Unavailable: planner blocked,Unavailable: planner blocked
https://guildframe.com/guides/kickstarter-prelaunch-page-vs-landing-page,kickstarter prelaunch page vs landing page,Creator solving a launch or post-funding task,Editorial intent target; demand not estimated,Kickstarter Prelaunch Page vs Landing Page for Board Games | Guildframe,"Compare Kickstarter followers with your own email signup page. Choose the right prelaunch flow for a board game, card game or tabletop RPG campaign.",Relevant service plus related guides,Unavailable: planner blocked,Unavailable: planner blocked
https://guildframe.com/guides/board-game-kickstarter-marketing-plan,board game kickstarter marketing plan,Creator solving a launch or post-funding task,Editorial task hypothesis; owner-approved service scope,Board Game Kickstarter Marketing Plan & Launch Checklist | Guildframe,"Build a board game Kickstarter marketing plan around your audience, campaign assets, emails, ads and launch date. Use a practical readiness checklist.",Relevant service plus related guides,Unavailable: planner blocked,Unavailable: planner blocked
https://guildframe.com/guides/kickstarter-prelaunch-email-list,kickstarter prelaunch email list,Creator solving a launch or post-funding task,Editorial task hypothesis; owner-approved service scope,Kickstarter Prelaunch Email List for Board Games | Guildframe,"Plan a tabletop Kickstarter email signup page, welcome email and prelaunch sequence. Test delivery and explain how your list differs from platform followers.",Relevant service plus related guides,Unavailable: planner blocked,Unavailable: planner blocked
https://guildframe.com/guides/kickstarter-advertising-budget-board-games,kickstarter advertising budget board games,Creator solving a launch or post-funding task,Editorial task hypothesis; owner-approved service scope,Kickstarter Advertising Budget for Board Games | Guildframe,"Set a board game Kickstarter ad budget using campaign costs, a capped test and clear reporting. Understand lead cost, attribution and why ROAS is not profit.",Relevant service plus related guides,Unavailable: planner blocked,Unavailable: planner blocked
https://guildframe.com/guides/kickstarter-live-campaign-updates,kickstarter campaign updates examples,Creator solving a launch or post-funding task,Editorial task hypothesis; owner-approved service scope,Kickstarter Campaign Updates & Live Support Plan | Guildframe,"Plan tabletop Kickstarter launch updates, recurring backer questions, approved reward changes and the handoff after funding. Use a practical support checklist.",Relevant service plus related guides,Unavailable: planner blocked,Unavailable: planner blocked
https://guildframe.com/guides/kickstarter-prelaunch-page-guide,kickstarter prelaunch page,Creator solving a launch or post-funding task,Observed autocomplete,Kickstarter Prelaunch Page Guide for Tabletop Games | Guildframe,"Plan your tabletop Kickstarter prelaunch page, understand how it differs from a preview link and check what followers see on mobile.",Relevant service plus related guides,Unavailable: planner blocked,Unavailable: planner blocked
https://guildframe.com/guides/board-game-kickstarter-gameplay-rulebook,board game kickstarter gameplay section,Creator solving a launch or post-funding task,Editorial task hypothesis,Board Game Kickstarter Gameplay & Rulebook Guide | Guildframe,"Show a sample turn, explain player decisions and link your rulebook or playthrough so a new backer can understand your board game.",Relevant service plus related guides,Unavailable: planner blocked,Unavailable: planner blocked
https://guildframe.com/guides/kickstarter-campaign-video-planning,kickstarter video requirements,Creator solving a launch or post-funding task,Observed autocomplete,Kickstarter Video Requirements & Tabletop Video Planning | Guildframe,"Separate your main campaign video, optional vertical Discovery Mode clip and gameplay demo. Check the requirements before briefing a tabletop video.",Relevant service plus related guides,Unavailable: planner blocked,Unavailable: planner blocked
https://guildframe.com/guides/kickstarter-stretch-goals-planning,kickstarter stretch goals,Creator solving a launch or post-funding task,Observed autocomplete,Kickstarter Stretch Goals for Board Games: Planning Guide | Guildframe,"Plan tabletop stretch goals with clear unlock conditions, eligible rewards and production checks. Compare them with add-ons and Gamefound's native goals.",Relevant service plus related guides,Unavailable: planner blocked,Unavailable: planner blocked
https://guildframe.com/guides/kickstarter-shipping-delivery-page,kickstarter shipping costs,Creator solving a launch or post-funding task,Observed autocomplete,Kickstarter Shipping Costs & Delivery: Creator Page Guide | Guildframe,"Write a clear shipping section for a tabletop campaign: collection timing, regional estimates, reward delivery dates and the information backers need.",Relevant service plus related guides,Unavailable: planner blocked,Unavailable: planner blocked
https://guildframe.com/guides/kickstarter-prototype-risks-disclosure,kickstarter prototype,Creator solving a launch or post-funding task,Observed autocomplete,Kickstarter Prototype Images & Risks for Tabletop Creators | Guildframe,"Label tabletop prototypes, renders and production samples accurately. Write specific risks and check the rules for your actual Kickstarter category.",Relevant service plus related guides,Unavailable: planner blocked,Unavailable: planner blocked
https://guildframe.com/guides/kickstarter-review-launch-timeline,kickstarter review process,Creator solving a launch or post-funding task,Observed autocomplete,Kickstarter Review Time & Launch Timeline for Game Creators | Guildframe,"Plan Kickstarter review, possible revisions, prelaunch sharing and the manual launch action. Keep platform approval separate from design delivery.",Relevant service plus related guides,Unavailable: planner blocked,Unavailable: planner blocked
https://guildframe.com/guides/gamefound-launch-page-checklist,gamefound preview,Creator solving a launch or post-funding task,Observed autocomplete,Gamefound Launch Page Checklist & Tester Mode Guide | Guildframe,"Check Gamefound stage descriptions, published rewards, shipping details and Tester Mode before your tabletop campaign opens to backers.",Relevant service plus related guides,Unavailable: planner blocked,Unavailable: planner blocked
https://guildframe.com/guides/card-game-kickstarter-launch-guide,card game kickstarter,Creator solving a launch or post-funding task,Observed autocomplete,Card Game & TCG Kickstarter Launch Page Guide | Guildframe,"Prepare a card game or TCG Kickstarter page with readable sample cards, a clear gameplay explanation and exact deck and reward contents.",Relevant service plus related guides,Unavailable: planner blocked,Unavailable: planner blocked
https://guildframe.com/guides/miniatures-stl-kickstarter-launch-guide,kickstarter stl files,Creator solving a launch or post-funding task,Observed autocomplete,Miniatures & STL Kickstarter Launch Page Guide | Guildframe,"Present physical miniatures, terrain and STL rewards clearly. Label renders and test prints, explain scale and separate file delivery from shipping.",Relevant service plus related guides,Unavailable: planner blocked,Unavailable: planner blocked
https://guildframe.com/guides/board-game-kickstarter-campaign-design-cost,kickstarter campaign design cost & budget guide,Creator solving a launch or post-funding task,Editorial intent target; demand not estimated,Kickstarter Campaign Design Cost & Budget Guide | Guildframe,"Budget your tabletop Kickstarter page by scope: copy, graphics, artwork, video and launch support. Compare quotes and see Guildframe’s design-only option.",Relevant service plus related guides,Unavailable: planner blocked,Unavailable: planner blocked
https://guildframe.com/guides/board-game-kickstarter-page-checklist,board game kickstarter page checklist,Creator solving a launch or post-funding task,Editorial intent target; demand not estimated,Board Game Kickstarter Page Checklist | Guildframe,"Check your board game Kickstarter page before launch: gameplay, box contents, rewards, shipping information and mobile readability.",Relevant service plus related guides,Unavailable: planner blocked,Unavailable: planner blocked
https://guildframe.com/guides/what-to-send-kickstarter-campaign-designer,what to send your kickstarter campaign designer,Creator solving a launch or post-funding task,Editorial intent target; demand not estimated,What to Send Your Kickstarter Campaign Designer | Guildframe,"Send your Kickstarter designer the game summary, artwork, reward contents and launch plans. Use this checklist to prepare the brief.",Relevant service plus related guides,Unavailable: planner blocked,Unavailable: planner blocked
https://guildframe.com/guides/kickstarter-reward-tier-graphics,kickstarter reward tier graphics for board games,Creator solving a launch or post-funding task,Editorial intent target; demand not estimated,Kickstarter Reward Tier Graphics for Board Games | Guildframe,"Design Kickstarter reward graphics that show the contents of each tier. Compare board game editions, card decks, RPG books and optional extras.",Relevant service plus related guides,Unavailable: planner blocked,Unavailable: planner blocked
https://guildframe.com/guides/ttrpg-kickstarter-campaign-page-design,how to design a ttrpg kickstarter campaign page,Creator solving a launch or post-funding task,Editorial intent target; demand not estimated,How to Design a TTRPG Kickstarter Campaign Page | Guildframe,"Build a TTRPG Kickstarter page that explains the game, shows sample spreads and separates PDF and print rewards. A practical guide for RPG creators.",Relevant service plus related guides,Unavailable: planner blocked,Unavailable: planner blocked
https://guildframe.com/guides/kickstarter-vs-gamefound-campaign-page-design,kickstarter vs gamefound: page design,Creator solving a launch or post-funding task,Editorial intent target; demand not estimated,Kickstarter vs Gamefound: Page Design | Guildframe,"Compare Kickstarter and Gamefound story sections, reward layouts and preview tools. Prepare campaign copy and graphics for the platform you choose.",Relevant service plus related guides,Unavailable: planner blocked,Unavailable: planner blocked
https://guildframe.com/guides/kickstarter-campaign-graphics-mobile-readability,kickstarter image sizes & mobile graphics,Creator solving a launch or post-funding task,Editorial intent target; demand not estimated,Kickstarter Image Sizes & Mobile Graphics | Guildframe,"Check Kickstarter image size, file formats and mobile readability. Make campaign graphics and reward comparisons readable without zooming.",Relevant service plus related guides,Unavailable: planner blocked,Unavailable: planner blocked
https://guildframe.com/guides/when-to-hire-kickstarter-campaign-designer,when to hire a kickstarter campaign designer,Creator solving a launch or post-funding task,Editorial intent target; demand not estimated,When to Hire a Kickstarter Campaign Designer | Guildframe,"Contact a Kickstarter page designer once your game summary and usable artwork are ready. Plan assets, rewards and review time before launch.",Relevant service plus related guides,Unavailable: planner blocked,Unavailable: planner blocked
