path,primary_keyword,previous_title,title,previous_h1,h1,description,canonical,schema_types,metadata_status,images_status,copy_review,last_modified
/,Kickstarter page design,Kickstarter Campaign Design for Tabletop Games | Guildframe,Kickstarter Page Design for Tabletop Games | Guildframe,Campaign designfor your next game launch.,Kickstarter page design for your tabletop game.,"Kickstarter and Gamefound page design for board games, card games, TTRPGs and miniatures. Copy and graphics for $975 USD. Get a free opening mockup.",https://guildframe.com,Person; Organization; WebSite; WebPage; Service; FAQPage,unique title/description; one H1; canonical valid,descriptive alt and dimensions present,Humanizer review; direct copy revised; facts and quotes retained,2026-09-30
/buy,Guildframe free mockup,Book Your Campaign Design | Guildframe,Book Your Campaign Design | Guildframe,Start with a free mockup.,Request your free campaign page mockup,Start your Guildframe campaign design enquiry. Kickstarter and Gamefound page design costs $975. Request a free mockup before booking your project.,https://guildframe.com/buy,Person; Organization; WebSite; WebPage,unique title/description; one H1; canonical valid,descriptive alt and dimensions present,Humanizer review; direct copy revised; facts and quotes retained,2026-09-30
/done-for-you-shopify-store,Shopify store planning after crowdfunding,Shopify Store Planning After Your Campaign | Guildframe,Shopify Store Planning After Your Campaign | Guildframe,A store comes after the campaign.,Plan a Shopify store after crowdfunding,"Plan a tabletop Shopify store after crowdfunding. Review your catalogue, artwork and operations, or explore Guildframe’s current campaign design service.",https://guildframe.com/done-for-you-shopify-store,Person; Organization; WebSite; WebPage,unique title/description; one H1; canonical valid,descriptive alt and dimensions present,Humanizer review; direct copy revised; facts and quotes retained,2026-09-30
/shopify-theme-for-board-games,Shopify theme for board games,Shopify Theme and Store Setup for Board Games | Guildframe,Shopify Theme and Store Setup for Board Games | Guildframe,Plan your board game Shopify store.,Plan your board game Shopify store.,"Plan a board game Shopify store after crowdfunding. Organise core games, editions, expansions and bundles, then review the buying path before launch.",https://guildframe.com/shopify-theme-for-board-games,Person; Organization; WebSite; WebPage; BreadcrumbList; FAQPage,unique title/description; one H1; canonical valid,descriptive alt and dimensions present,Humanizer review; direct copy revised; facts and quotes retained,2026-09-30
/kickstarter-to-shopify,Kickstarter to Shopify,Kickstarter to Shopify for Funded Tabletop Games | Guildframe,Kickstarter to Shopify for Funded Tabletop Games | Guildframe,Your campaign funded.Now build what comes next.,Move from Kickstarter to a Shopify store.,"Turn a funded tabletop campaign into a permanent Shopify store. Plan late pledges, BackerKit or Gamefound handoff, preorders, shipping, EU VAT and IOSS.",https://guildframe.com/kickstarter-to-shopify,Person; Organization; WebSite; WebPage; FAQPage; BreadcrumbList,unique title/description; one H1; canonical valid,descriptive alt and dimensions present,Humanizer review; direct copy revised; facts and quotes retained,2026-09-30
/shopify-theme-for-ttrpg,Shopify store for TTRPGs,Shopify Store and Theme Setup for TTRPG Publishers | Guildframe,Shopify Store and Theme Setup for TTRPG Publishers | Guildframe,Plan your TTRPG Shopify store.,Plan your TTRPG Shopify store.,"Plan a TTRPG Shopify store for books, PDFs, adventures and supplements. Organise formats, compatibility and product information after your campaign.",https://guildframe.com/shopify-theme-for-ttrpg,Person; Organization; WebSite; WebPage; BreadcrumbList; FAQPage,unique title/description; one H1; canonical valid,descriptive alt and dimensions present,Humanizer review; direct copy revised; facts and quotes retained,2026-09-30
/shopify-theme-for-miniatures,Shopify theme for miniatures,Shopify Store and Theme Setup for Miniatures | Guildframe,Shopify Store and Theme Setup for Miniatures | Guildframe,Plan your miniatures Shopify store.,Plan your miniatures Shopify store.,"Plan a miniatures Shopify store for physical models, STL files and terrain. Make scale, variants and delivery information clear after crowdfunding.",https://guildframe.com/shopify-theme-for-miniatures,Person; Organization; WebSite; WebPage; BreadcrumbList; FAQPage,unique title/description; one H1; canonical valid,descriptive alt and dimensions present,Humanizer review; direct copy revised; facts and quotes retained,2026-09-30
/guides,Kickstarter page design guides,Kickstarter Campaign Design and Launch Guides | Guildframe,Kickstarter Page Design & Launch Guides | Guildframe,Guides for your next game launch.,Kickstarter page design & launch guides.,"Practical launch guides for tabletop Kickstarter and Gamefound campaigns. Plan design costs, artwork, reward graphics and a campaign page ready for backers.",https://guildframe.com/guides,Person; Organization; WebSite; CollectionPage; ItemList; BreadcrumbList,unique title/description; one H1; canonical valid,descriptive alt and dimensions present,Humanizer review; direct copy revised; facts and quotes retained,2026-09-30
/guides/what-happens-after-kickstarter-is-funded,what happens after Kickstarter is funded,What Happens After Your Kickstarter Is Funded? | Guildframe,What Happens After Your Kickstarter Is Funded? | Guildframe,What Happens After Your Kickstarter Is Funded?,What Happens After Your Kickstarter Is Funded?,"What happens after a Kickstarter is funded: payment collection, backer data, fulfillment, late pledges and building a permanent online store.",https://guildframe.com/guides/what-happens-after-kickstarter-is-funded,Person; Organization; WebSite; WebPage; Article; BreadcrumbList; FAQPage,unique title/description; one H1; canonical valid,descriptive alt and dimensions present,Humanizer review; direct copy revised; facts and quotes retained,2026-09-30
/guides/move-from-kickstarter-to-shopify,how to move from Kickstarter to Shopify,Kickstarter to Shopify Migration Guide | Guildframe,Kickstarter to Shopify Migration Guide | Guildframe,Kickstarter to Shopify Migration Guide,Kickstarter to Shopify Migration Guide,"A practical Kickstarter to Shopify migration guide covering products, campaign content, operations, testing and storefront launch.",https://guildframe.com/guides/move-from-kickstarter-to-shopify,Person; Organization; WebSite; WebPage; Article; BreadcrumbList; FAQPage,unique title/description; one H1; canonical valid,descriptive alt and dimensions present,Humanizer review; direct copy revised; facts and quotes retained,2026-09-30
/guides/best-shopify-themes-for-board-games,best Shopify themes for board games,6 Best Shopify Themes for Board Games in 2026 | Guildframe,6 Best Shopify Themes for Board Games in 2026 | Guildframe,6 Best Shopify Themes for Board Games and Tabletop Stores in 2026,6 Best Shopify Themes for Board Games and Tabletop Stores in 2026,"Compare six Shopify themes for board games and tabletop stores: Horizon, Novaplay, Playtime, Sunrise, Boost and Dawn.",https://guildframe.com/guides/best-shopify-themes-for-board-games,Person; Organization; WebSite; WebPage; Article; BreadcrumbList; FAQPage,unique title/description; one H1; canonical valid,descriptive alt and dimensions present,Humanizer review; direct copy revised; facts and quotes retained,2026-09-30
/guides/shopify-developer-vs-diy-theme,Shopify developer vs DIY theme,Shopify Developer vs DIY Theme for Tabletop Brands | Guildframe,Shopify Developer vs DIY Theme | Guildframe,Shopify Developer vs DIY Theme: Which Is Right for Your Tabletop Store?,Shopify Developer vs DIY Theme: Which Is Right for Your Tabletop Store?,"Compare hiring a Shopify developer with building from a DIY theme. See the cost, time, control and best fit for a tabletop game store.",https://guildframe.com/guides/shopify-developer-vs-diy-theme,Person; Organization; WebSite; WebPage; Article; BreadcrumbList; FAQPage,unique title/description; one H1; canonical valid,descriptive alt and dimensions present,Humanizer review; direct copy revised; facts and quotes retained,2026-09-30
/guides/kickstarter-late-pledges-vs-shopify,Kickstarter late pledges vs Shopify,Selling After Kickstarter: Late Pledges vs Shopify | Guildframe,Selling After Kickstarter: Late Pledges vs Shopify | Guildframe,"Selling After Kickstarter: Late Pledges, Preorders or Shopify?","Selling After Kickstarter: Late Pledges, Preorders or Shopify?","Compare late pledges, preorders and Shopify for selling after Kickstarter. Choose the right post campaign sales path without confusing backers.",https://guildframe.com/guides/kickstarter-late-pledges-vs-shopify,Person; Organization; WebSite; WebPage; Article; BreadcrumbList; FAQPage,unique title/description; one H1; canonical valid,descriptive alt and dimensions present,Humanizer review; direct copy revised; facts and quotes retained,2026-09-30
/guides/backerkit-vs-shopify-vs-gamefound,BackerKit vs Shopify vs Gamefound,BackerKit vs Shopify vs Gamefound After Crowdfunding | Guildframe,BackerKit vs Shopify vs Gamefound | Guildframe,BackerKit vs Shopify vs Gamefound: What Each Platform Does After Crowdfunding,BackerKit vs Shopify vs Gamefound: What Each Platform Does After Crowdfunding,"Compare BackerKit vs Shopify vs Gamefound for tabletop crowdfunding, pledge management, preorders and permanent ecommerce.",https://guildframe.com/guides/backerkit-vs-shopify-vs-gamefound,Person; Organization; WebSite; WebPage; Article; BreadcrumbList; FAQPage,unique title/description; one H1; canonical valid,descriptive alt and dimensions present,Humanizer review; direct copy revised; facts and quotes retained,2026-09-30
/guides/kickstarter-to-shopify-launch-timeline,Kickstarter to Shopify launch timeline,Kickstarter to Shopify Launch Timeline | Guildframe,Kickstarter to Shopify Launch Timeline | Guildframe,Kickstarter to Shopify Launch Timeline,Kickstarter to Shopify Launch Timeline,"A practical Kickstarter to Shopify timeline covering campaign close, catalog preparation, fulfillment boundaries, store testing and launch.",https://guildframe.com/guides/kickstarter-to-shopify-launch-timeline,Person; Organization; WebSite; WebPage; Article; BreadcrumbList; FAQPage,unique title/description; one H1; canonical valid,descriptive alt and dimensions present,Humanizer review; direct copy revised; facts and quotes retained,2026-09-30
/guides/sell-board-game-preorders-on-shopify,sell board game preorders on Shopify,How to Sell Board Game Preorders on Shopify | Guildframe,How to Sell Board Game Preorders on Shopify | Guildframe,How to Sell Board Game Preorders on Shopify After Crowdfunding,How to Sell Board Game Preorders on Shopify After Crowdfunding,"Plan board game preorders on Shopify after crowdfunding with clear delivery dates, inventory rules, customer communication and campaign boundaries.",https://guildframe.com/guides/sell-board-game-preorders-on-shopify,Person; Organization; WebSite; WebPage; Article; BreadcrumbList; FAQPage,unique title/description; one H1; canonical valid,descriptive alt and dimensions present,Humanizer review; direct copy revised; facts and quotes retained,2026-09-30
/guides/sell-board-game-expansions-add-ons-shopify,sell board game expansions on Shopify,Sell Board Game Expansions and Add ons on Shopify | Guildframe,Board Game Expansions & Bundles on Shopify | Guildframe,"How to Sell Board Game Expansions, Add ons and Bundles on Shopify","How to Sell Board Game Expansions, Add ons and Bundles on Shopify","Structure core games, deluxe editions, expansions, add ons and bundles on Shopify without recreating confusing pledge tiers.",https://guildframe.com/guides/sell-board-game-expansions-add-ons-shopify,Person; Organization; WebSite; WebPage; Article; BreadcrumbList; FAQPage,unique title/description; one H1; canonical valid,descriptive alt and dimensions present,Humanizer review; direct copy revised; facts and quotes retained,2026-09-30
/guides/selling-miniatures-internationally-vat-ioss,selling miniatures internationally VAT IOSS,Selling Miniatures Internationally: VAT and IOSS | Guildframe,Selling Miniatures Internationally: VAT and IOSS | Guildframe,"Selling Miniatures Internationally: VAT, IOSS and Shopify Setup","Selling Miniatures Internationally: VAT, IOSS and Shopify Setup","Plan international Shopify sales for miniatures, terrain and tabletop games with shipping zones, HS codes, EU VAT, IOSS, duties and clear delivery terms.",https://guildframe.com/guides/selling-miniatures-internationally-vat-ioss,Person; Organization; WebSite; WebPage; Article; BreadcrumbList; FAQPage,unique title/description; one H1; canonical valid,descriptive alt and dimensions present,Humanizer review; direct copy revised; facts and quotes retained,2026-09-30
/guides/how-much-does-a-board-game-website-cost,board game website cost,How Much Does a Board Game Website Cost? | Guildframe,How Much Does a Board Game Website Cost? | Guildframe,How Much Does a Board Game Website Cost?,How Much Does a Board Game Website Cost?,"Calculate the real cost of a board game ecommerce website, including Shopify, themes, design, development, apps, product entry and ongoing support.",https://guildframe.com/guides/how-much-does-a-board-game-website-cost,Person; Organization; WebSite; WebPage; Article; BreadcrumbList; FAQPage,unique title/description; one H1; canonical valid,descriptive alt and dimensions present,Humanizer review; direct copy revised; facts and quotes retained,2026-09-30
/guides/shopify-vs-etsy-for-selling-miniatures,Shopify vs Etsy for selling miniatures,Shopify vs Etsy for Selling Miniatures | Guildframe,Shopify vs Etsy for Selling Miniatures | Guildframe,Shopify vs Etsy for Selling Miniatures and Terrain,Shopify vs Etsy for Selling Miniatures and Terrain,"Compare Shopify and Etsy for selling miniatures, terrain and tabletop accessories by discovery, fees, brand control, catalog structure and repeat customers.",https://guildframe.com/guides/shopify-vs-etsy-for-selling-miniatures,Person; Organization; WebSite; WebPage; Article; BreadcrumbList; FAQPage,unique title/description; one H1; canonical valid,descriptive alt and dimensions present,Humanizer review; direct copy revised; facts and quotes retained,2026-09-30
/guides/build-a-tabletop-shopify-store-with-ai,build tabletop Shopify store with AI,Build a Tabletop Shopify Store With AI | Guildframe,Build a Tabletop Shopify Store With AI | Guildframe,Build a Tabletop Shopify Store With AI,Build a Tabletop Shopify Store With AI,"What AI coding tools can and cannot do when you build a board game, TTRPG or miniatures Shopify store, and the catalog decisions no model can make for you.",https://guildframe.com/guides/build-a-tabletop-shopify-store-with-ai,Person; Organization; WebSite; WebPage; Article; BreadcrumbList; FAQPage,unique title/description; one H1; canonical valid,descriptive alt and dimensions present,Humanizer review; direct copy revised; facts and quotes retained,2026-09-30
/about,Guildframe campaign design,About Guildframe | Guildframe,About Guildframe | Guildframe,Campaign design for tabletop creators.,About Guildframe,"Guildframe is Umair’s design studio for tabletop Kickstarter and Gamefound campaigns. Board games, card games, RPGs, miniatures, dice and accessories.",https://guildframe.com/about,Person; Organization; WebSite; AboutPage,unique title/description; one H1; canonical valid,descriptive alt and dimensions present,Humanizer review; direct copy revised; facts and quotes retained,2026-09-30
/editorial-policy,Guildframe editorial policy,Editorial Policy | Guildframe,Editorial Policy | Guildframe,How I write the guides.,Guildframe editorial policy,"How Guildframe researches, writes, reviews, updates and corrects its campaign design and tabletop launch guidance.",https://guildframe.com/editorial-policy,Person; Organization; WebSite; WebPage; BreadcrumbList,unique title/description; one H1; canonical valid,descriptive alt and dimensions present,Humanizer review; direct copy revised; facts and quotes retained,2026-09-30
/authors/guildframe,Umair campaign designer,Guides by Guildframe | Guildframe,Umair: Campaign Designer & Guide Author | Guildframe,Guides by Guildframe,"Umair, campaign designer at Guildframe","Meet Umair, the designer behind Guildframe’s $975 Kickstarter and Gamefound page design. Read his guides on campaign copy, graphics and launch preparation.",https://guildframe.com/authors/guildframe,Person; Organization; WebSite; ProfilePage; BreadcrumbList,unique title/description; one H1; canonical valid,descriptive alt and dimensions present,Humanizer review; direct copy revised; facts and quotes retained,2026-09-30
/resources,tabletop Shopify checklists,Tabletop Ecommerce Checklists and References | Guildframe,Tabletop Shopify Checklists & Crowdfunding Data | Guildframe,Reference tools for tabletop commerce.,Shopify checklists & crowdfunding data.,"Shopify store and product page checklists for tabletop publishers, a Kickstarter migration checklist, platform comparisons and 2024 funding data.",https://guildframe.com/resources,Person; Organization; WebSite; CollectionPage; ItemList; BreadcrumbList,unique title/description; one H1; canonical valid,descriptive alt and dimensions present,Humanizer review; direct copy revised; facts and quotes retained,2026-09-30
/resources/board-game-shopify-store-checklist,board game Shopify store checklist,Board Game Shopify Store Checklist | Guildframe,Board Game Shopify Store Checklist | Guildframe,Board Game Shopify Store Checklist,Board Game Shopify Store Checklist,"A complete board game Shopify store checklist covering products, theme setup, mobile UX, checkout, policies, SEO and launch testing.",https://guildframe.com/resources/board-game-shopify-store-checklist,Person; Organization; WebSite; WebPage; TechArticle; BreadcrumbList; FAQPage,unique title/description; one H1; canonical valid,descriptive alt and dimensions present,Humanizer review; direct copy revised; facts and quotes retained,2026-09-30
/resources/kickstarter-to-shopify-migration-checklist,Kickstarter to Shopify migration checklist,Kickstarter to Shopify Migration Checklist | Guildframe,Kickstarter to Shopify Migration Checklist | Guildframe,Kickstarter to Shopify Migration Checklist,Kickstarter to Shopify Migration Checklist,"A practical Kickstarter to Shopify migration checklist for tabletop creators, from reward tiers and campaign assets to testing and store launch.",https://guildframe.com/resources/kickstarter-to-shopify-migration-checklist,Person; Organization; WebSite; WebPage; TechArticle; BreadcrumbList; FAQPage,unique title/description; one H1; canonical valid,descriptive alt and dimensions present,Humanizer review; direct copy revised; facts and quotes retained,2026-09-30
/resources/backerkit-vs-shopify-vs-gamefound-comparison,tabletop crowdfunding platform comparison matrix,Tabletop Crowdfunding Platform Role Matrix | Guildframe,Tabletop Crowdfunding Platform Role Matrix | Guildframe,Tabletop Crowdfunding Platform Role Matrix,Tabletop Crowdfunding Platform Role Matrix,"Map crowdfunding, pledge management and permanent ecommerce responsibilities across BackerKit, Shopify and Gamefound.",https://guildframe.com/resources/backerkit-vs-shopify-vs-gamefound-comparison,Person; Organization; WebSite; WebPage; TechArticle; BreadcrumbList; FAQPage,unique title/description; one H1; canonical valid,descriptive alt and dimensions present,Humanizer review; direct copy revised; facts and quotes retained,2026-09-30
/resources/board-game-product-page-checklist,board game Shopify product page checklist,Board Game Shopify Product Page Checklist | Guildframe,Board Game Shopify Product Page Checklist | Guildframe,Board Game Shopify Product Page Checklist,Board Game Shopify Product Page Checklist,"A board game Shopify product page checklist for artwork, gameplay facts, editions, components, delivery clarity, mobile UX and structured data.",https://guildframe.com/resources/board-game-product-page-checklist,Person; Organization; WebSite; WebPage; TechArticle; BreadcrumbList; FAQPage,unique title/description; one H1; canonical valid,descriptive alt and dimensions present,Humanizer review; direct copy revised; facts and quotes retained,2026-09-30
/resources/kickstarter-tabletop-games-benchmark,2024 Kickstarter tabletop games funding,2024 Kickstarter Tabletop Games Funding Benchmark | Guildframe,2024 Kickstarter Tabletop Games Funding Benchmark | Guildframe,2024 Kickstarter Tabletop Games Funding Benchmark,2024 Kickstarter Tabletop Games Funding Benchmark,"A source backed Kickstarter tabletop games benchmark with 2024 funding, success rate and top campaign data plus transparent calculations.",https://guildframe.com/resources/kickstarter-tabletop-games-benchmark,Person; Organization; WebSite; Dataset; WebPage; TechArticle; BreadcrumbList; FAQPage,unique title/description; one H1; canonical valid,descriptive alt and dimensions present,Humanizer review; direct copy revised; facts and quotes retained,2026-09-30
/resources/tabletop-shopify-metafield-schema,tabletop Shopify metafield schema,Tabletop Shopify Metafield Schema | Guildframe,Tabletop Shopify Metafield Schema | Guildframe,Tabletop Shopify Metafield Schema,Tabletop Shopify Metafield Schema,"A reusable Shopify metafield schema for board games, TTRPGs and miniatures, covering player count, components, compatibility, scale, format and delivery.",https://guildframe.com/resources/tabletop-shopify-metafield-schema,Person; Organization; WebSite; WebPage; TechArticle; BreadcrumbList; FAQPage,unique title/description; one H1; canonical valid,descriptive alt and dimensions present,Humanizer review; direct copy revised; facts and quotes retained,2026-09-30
/campaign-design,Kickstarter campaign designer,Kickstarter Campaign Design for Games | Guildframe,Kickstarter Campaign Designer: Copy & Graphics | Guildframe,Campaign copy & graphicsfor your game launch.,Kickstarter campaign design Copy and graphics for $975.,"Campaign page design for Kickstarter and Gamefound. Get tabletop campaign copy, graphics and reward layouts for $975. Request a free mockup.",https://guildframe.com/campaign-design,Person; Organization; WebSite; WebPage; Service; BreadcrumbList; FAQPage,unique title/description; one H1; canonical valid,descriptive alt and dimensions present,Humanizer review; direct copy revised; facts and quotes retained,2026-09-30
/gamefound-campaign-design,Gamefound page design,Gamefound Campaign Design for Tabletop Games | Guildframe,Gamefound Page Design for Tabletop Games | Guildframe,Gamefound campaign designfor your tabletop project.,Gamefound page design for your tabletop project.,"Gamefound page design for board games, RPGs and miniatures. Campaign copy, section graphics and reward comparisons for $975. Free opening mockup.",https://guildframe.com/gamefound-campaign-design,Person; Organization; WebSite; WebPage; Service; BreadcrumbList; FAQPage,unique title/description; one H1; canonical valid,descriptive alt and dimensions present,Humanizer review; direct copy revised; facts and quotes retained,2026-09-30
/board-game-kickstarter-campaign-design,board game Kickstarter page design,Kickstarter Campaign Design for Board games | Guildframe,Board Game Kickstarter Page Design | Guildframe,Kickstarter campaign designfor your board game.,Kickstarter page design for board games.,"Board game Kickstarter campaign design for strategy, family, party and solo games. Campaign copy, components and reward graphics for $975. Free mockup.",https://guildframe.com/board-game-kickstarter-campaign-design,Person; Organization; WebSite; WebPage; Service; BreadcrumbList; FAQPage,unique title/description; one H1; canonical valid,descriptive alt and dimensions present,Humanizer review; direct copy revised; facts and quotes retained,2026-09-30
/card-game-kickstarter-campaign-design,card game Kickstarter page design,Kickstarter Campaign Design for Card games and TCGs | Guildframe,Card Game & TCG Kickstarter Page Design | Guildframe,Campaign design forcard games & TCGs.,Kickstarter page design for card games & TCGs.,"Kickstarter campaign design for card games and TCGs. Show gameplay, sample cards and reward contents clearly. $975 campaign design, with a free mockup.",https://guildframe.com/card-game-kickstarter-campaign-design,Person; Organization; WebSite; WebPage; Service; BreadcrumbList; FAQPage,unique title/description; one H1; canonical valid,descriptive alt and dimensions present,Humanizer review; direct copy revised; facts and quotes retained,2026-09-30
/ttrpg-kickstarter-campaign-design,TTRPG Kickstarter page design,Kickstarter Campaign Design for Tabletop RPGs | Guildframe,TTRPG Kickstarter Page Design | Guildframe,Campaign design foryour tabletop RPG.,Kickstarter page design for your tabletop RPG.,"TTRPG Kickstarter campaign design for rulebooks, adventures and zines. Show your world, sample spreads and PDF or print rewards. $975 with a free mockup.",https://guildframe.com/ttrpg-kickstarter-campaign-design,Person; Organization; WebSite; WebPage; Service; BreadcrumbList; FAQPage,unique title/description; one H1; canonical valid,descriptive alt and dimensions present,Humanizer review; direct copy revised; facts and quotes retained,2026-09-30
/miniatures-kickstarter-campaign-design,miniatures Kickstarter page design,Kickstarter Campaign Design for Miniatures and Terrain | Guildframe,Miniatures & Terrain Kickstarter Page Design | Guildframe,Campaign design forminiatures & terrain.,Kickstarter page design for miniatures & terrain.,"Kickstarter campaign design for miniatures and terrain. Present scales, sculpts, physical sets and STL rewards clearly. $975, with a free mockup.",https://guildframe.com/miniatures-kickstarter-campaign-design,Person; Organization; WebSite; WebPage; Service; BreadcrumbList; FAQPage,unique title/description; one H1; canonical valid,descriptive alt and dimensions present,Humanizer review; direct copy revised; facts and quotes retained,2026-09-30
/tabletop-accessories-campaign-design,tabletop accessories Kickstarter page design,Tabletop Accessories Campaign Design | Guildframe,Tabletop Accessories Kickstarter Page Design | Guildframe,Campaign design fordice & accessories.,Kickstarter page design for dice & accessories.,"Campaign design for dice, trays, sleeves and tabletop accessories. Show materials, fit and bundle contents clearly. $975. Request a free mockup.",https://guildframe.com/tabletop-accessories-campaign-design,Person; Organization; WebSite; WebPage; Service; BreadcrumbList; FAQPage,unique title/description; one H1; canonical valid,descriptive alt and dimensions present,Humanizer review; direct copy revised; facts and quotes retained,2026-09-30
/guides/board-game-kickstarter-campaign-design-cost,Kickstarter page design cost,How Much Does Board Game Kickstarter Campaign Design Cost? | Guildframe,Kickstarter Page Design Cost: $975 Copy & Graphics | Guildframe,How Much Does Board Game Kickstarter Campaign Design Cost?,How Much Does Board Game Kickstarter Campaign Design Cost?,"Guildframe charges $975 USD for Kickstarter or Gamefound page design, including campaign copy and graphics. See the scope and request a free opening mockup.",https://guildframe.com/guides/board-game-kickstarter-campaign-design-cost,Person; Organization; WebSite; WebPage; Article; BreadcrumbList; FAQPage,unique title/description; one H1; canonical valid,descriptive alt and dimensions present,Humanizer review; direct copy revised; facts and quotes retained,2026-09-30
/guides/board-game-kickstarter-page-checklist,board game Kickstarter page checklist,Board Game Kickstarter Page Checklist Before Launch | Guildframe,Board Game Kickstarter Page Checklist | Guildframe,Board Game Kickstarter Page Checklist Before Launch,Board Game Kickstarter Page Checklist Before Launch,"Check your board game Kickstarter page before launch: gameplay, box contents, rewards, shipping information and mobile readability.",https://guildframe.com/guides/board-game-kickstarter-page-checklist,Person; Organization; WebSite; WebPage; Article; BreadcrumbList; FAQPage,unique title/description; one H1; canonical valid,descriptive alt and dimensions present,Humanizer review; direct copy revised; facts and quotes retained,2026-09-30
/guides/what-to-send-kickstarter-campaign-designer,what to send a Kickstarter campaign designer,What to Send Your Kickstarter Campaign Designer | Guildframe,What to Send Your Kickstarter Campaign Designer | Guildframe,What to Send Your Kickstarter Campaign Designer,What to Send Your Kickstarter Campaign Designer,"Send your Kickstarter designer the game summary, artwork, reward contents and launch plans. Use this checklist to prepare the brief.",https://guildframe.com/guides/what-to-send-kickstarter-campaign-designer,Person; Organization; WebSite; WebPage; Article; BreadcrumbList; FAQPage,unique title/description; one H1; canonical valid,descriptive alt and dimensions present,Humanizer review; direct copy revised; facts and quotes retained,2026-09-30
/guides/kickstarter-reward-tier-graphics,Kickstarter reward tier graphics,Kickstarter Reward Tier Graphics for Board Games | Guildframe,Kickstarter Reward Tier Graphics for Board Games | Guildframe,Kickstarter Reward Tier Graphics for Board Games,Kickstarter Reward Tier Graphics for Board Games,"Design Kickstarter reward graphics that show the contents of each tier. Compare board game editions, card decks, RPG books and optional extras.",https://guildframe.com/guides/kickstarter-reward-tier-graphics,Person; Organization; WebSite; WebPage; Article; BreadcrumbList; FAQPage,unique title/description; one H1; canonical valid,descriptive alt and dimensions present,Humanizer review; direct copy revised; facts and quotes retained,2026-09-30
/guides/ttrpg-kickstarter-campaign-page-design,how to design a TTRPG Kickstarter page,How to Design a TTRPG Kickstarter Campaign Page | Guildframe,How to Design a TTRPG Kickstarter Campaign Page | Guildframe,How to Design a TTRPG Kickstarter Campaign Page,How to Design a TTRPG Kickstarter Campaign Page,"Build a TTRPG Kickstarter page that explains the game, shows sample spreads and separates PDF and print rewards. A practical guide for RPG creators.",https://guildframe.com/guides/ttrpg-kickstarter-campaign-page-design,Person; Organization; WebSite; WebPage; Article; BreadcrumbList; FAQPage,unique title/description; one H1; canonical valid,descriptive alt and dimensions present,Humanizer review; direct copy revised; facts and quotes retained,2026-09-30
/guides/kickstarter-vs-gamefound-campaign-page-design,Kickstarter vs Gamefound page design,Kickstarter vs Gamefound: Campaign Page Design Differences | Guildframe,Kickstarter vs Gamefound: Page Design | Guildframe,Kickstarter vs Gamefound: Campaign Page Design Differences,Kickstarter vs Gamefound: Campaign Page Design Differences,"Compare Kickstarter and Gamefound story sections, reward layouts and preview tools. Prepare campaign copy and graphics for the platform you choose.",https://guildframe.com/guides/kickstarter-vs-gamefound-campaign-page-design,Person; Organization; WebSite; WebPage; Article; BreadcrumbList; FAQPage,unique title/description; one H1; canonical valid,descriptive alt and dimensions present,Humanizer review; direct copy revised; facts and quotes retained,2026-09-30
/guides/kickstarter-campaign-graphics-mobile-readability,Kickstarter page image size,Make Kickstarter Campaign Graphics Readable on Mobile | Guildframe,Kickstarter Image Sizes & Mobile Graphics | Guildframe,Make Kickstarter Campaign Graphics Readable on Mobile,Kickstarter Image Sizes and Readable Campaign Graphics,"Check Kickstarter image size, file formats and mobile readability. Make campaign graphics and reward comparisons readable without zooming.",https://guildframe.com/guides/kickstarter-campaign-graphics-mobile-readability,Person; Organization; WebSite; WebPage; Article; BreadcrumbList; FAQPage,unique title/description; one H1; canonical valid,descriptive alt and dimensions present,Humanizer review; direct copy revised; facts and quotes retained,2026-09-30
/guides/when-to-hire-kickstarter-campaign-designer,when to hire a Kickstarter campaign designer,When Should You Hire a Kickstarter Campaign Designer? | Guildframe,When to Hire a Kickstarter Campaign Designer | Guildframe,When Should You Hire a Kickstarter Campaign Designer?,When Should You Hire a Kickstarter Campaign Designer?,"Contact a Kickstarter page designer once your game summary and usable artwork are ready. Plan assets, rewards and review time before launch.",https://guildframe.com/guides/when-to-hire-kickstarter-campaign-designer,Person; Organization; WebSite; WebPage; Article; BreadcrumbList; FAQPage,unique title/description; one H1; canonical valid,descriptive alt and dimensions present,Humanizer review; direct copy revised; facts and quotes retained,2026-09-30
